driver_id,policy_number,first_name,last_name,vin,gender,vehicle_make,vehicle_model,vehicle_year,claim_history
1,359-8000-7829,West,Fluin,JN8AZ2KR0AT835957,Male,Tesla,Model S,2020,4
2,666-9821-8411,Appolonia,Webb,1FTWF3C53AE717642,Female,Tesla,Model 3,2018,4
3,548-7981-1036,Teresita,Toke,WBAGN63482D069206,Female,Tesla,Model S,2023,3
4,503-7939-8502,Lani,Dignon,5J6TF1H36CL233913,Female,Tesla,Model 3,2018,0
5,711-9013-7798,Donnajean,Eakens,1VWAP7A34EC208256,Female,Tesla,Model S,2015,1
6,648-1170-7335,Fayre,Crother,5GAKRAKD5EJ723544,Female,Tesla,Model X,2015,4
7,028-0897-4094,Darrick,Lage,1FTEW1CF1FK708553,Male,Tesla,Model X,2017,2
8,762-7167-7741,Ermanno,Teasdale,1C3CDFAA0ED328812,Male,Tesla,Model S,2018,0
9,012-7186-4121,Lyndsay,Lawling,2G61N5S33F9891557,Female,Tesla,Model X,2020,4
10,941-0066-0611,Buckie,Vaugham,SCBFT7ZAXFC873268,Male,Tesla,Model S,2023,5
11,377-4448-6005,Kris,Speere,1GYS4LKJ9FR933446,Male,Tesla,Model S,2023,5
12,063-5076-3964,Gerick,Pues,2B3CA7CW1AH903145,Male,Tesla,Model 3,2016,3
13,962-8491-2340,Thayne,Ceschi,WAUXD68D02A916281,Agender,Tesla,Model Y,2015,4
14,487-8747-9789,Boigie,Suett,WAUDF58EX5A857874,Male,Tesla,Model Y,2023,2
15,574-5930-1713,Micky,Robinet,3D7TT2CT7BG416220,Male,Tesla,Model X,2021,6
16,249-2491-1202,Ted,Coal,3C4PDDBG3ET561100,Polygender,Tesla,Model X,2016,3
17,751-8864-3640,Delila,Van Ross,SALGR2VF5EA153173,Female,Tesla,Model 3,2022,6
18,975-1747-1984,Mehetabel,Sherston,WAUSH74F68N191072,Female,Tesla,Model Y,2020,5
19,914-6993-0962,Iris,Minger,5GAKVDED0CJ391499,Agender,Tesla,Model Y,2016,3
20,541-3751-0625,Sax,Lung,WBAEJ134X3A701504,Male,Tesla,Model Y,2018,6
21,909-5215-0786,Abbie,Raulstone,TRURD38J181600788,Female,Tesla,Model X,2022,7
22,017-7070-1567,Baryram,Reay,WD3PE7DC8F5089075,Male,Tesla,Model S,2022,2
23,203-2989-9396,Evangeline,Broome,YV1612FHXD2567384,Female,Tesla,Model 3,2019,4
24,184-1792-9271,Niven,Whightman,2C3CDXCTXCH254724,Male,Tesla,Model X,2017,2
25,464-8253-4244,Rosmunda,Baumford,4JGBF2FE5BA932922,Female,Tesla,Model 3,2021,5
26,585-9841-8727,Morry,Cutts,WAUGN74F79N864645,Male,Tesla,Model X,2023,5
27,957-8093-0084,Parry,Buckett,WAUVF78K89A720556,Male,Tesla,Model Y,2016,3
28,886-5414-5804,Jesse,Ebourne,3VW4A7AT3DM272042,Male,Tesla,Model X,2021,5
29,783-7786-8509,Wilbur,Di Biasi,WAUKFBFL9AA744466,Male,Tesla,Model Y,2017,3
30,431-2764-7266,Vin,Bendel,WBAEV53413K102481,Male,Tesla,Model 3,2019,2
31,893-2282-0071,Adara,Newlands,WAUEL74F56N037624,Female,Tesla,Model X,2017,4
32,159-8966-8678,Hollie,Faircley,1FTSF3B56AE365897,Female,Tesla,Model 3,2023,6
33,917-5938-0479,Derril,Yanuk,WBADN63431G664710,Male,Tesla,Model S,2023,4
34,615-3093-5682,Stacey,Edelheit,1G6AB5RX0D0914365,Female,Tesla,Model 3,2023,2
35,500-1774-0376,Jeremiah,Posvner,1N6AA0CH1DN961506,Male,Tesla,Model S,2023,1
36,654-1868-1074,Pammi,Adshede,5NPDH4AE1EH819802,Female,Tesla,Model 3,2020,0
37,476-4420-8594,Eugenie,Maydwell,1G6KF57994U141031,Female,Tesla,Model S,2020,0
38,381-1794-1898,Clareta,Hallward,WBA3R1C58EK268559,Female,Tesla,Model X,2017,3
39,935-6074-2947,Silvia,Torbeck,JM1DE1KY0E0360615,Female,Tesla,Model X,2023,4
40,042-7823-9826,Carolin,Bould,SCFAB223X3K313097,Female,Tesla,Model 3,2023,5
41,190-0578-8577,Rebe,Balchin,3VWAL7AJ9AM930597,Female,Tesla,Model 3,2018,3
42,635-1298-1718,Aurthur,Groves,KMHCT4AE4FU714569,Male,Tesla,Model Y,2021,6
43,922-8362-0520,Laurette,O'Lagene,1FTEW1C88AF099416,Female,Tesla,Model S,2020,4
44,736-7485-1881,Bengt,Landy,1G6AB5SA5F0427204,Male,Tesla,Model Y,2017,3
45,703-5950-9682,Rhoda,Jepps,JA32U2FU3FU041838,Female,Tesla,Model S,2016,4
46,853-4425-3903,Ronnie,Currie,1G6AB1R31F0758832,Male,Tesla,Model 3,2016,3
47,300-7888-8771,Sheffie,Leipnik,19UUA66275A484794,Male,Tesla,Model X,2016,5
48,070-9882-1767,Kendricks,Ostick,1FTEW1C82AF504945,Male,Tesla,Model S,2015,3
49,096-2810-3517,Brena,Neat,JTHBE1BL5FA431538,Female,Tesla,Model 3,2016,3
50,333-0696-5727,Marlane,Speakman,WBA5B3C56FD519772,Female,Tesla,Model 3,2022,5
51,956-0498-1167,Jacquenette,Domenc,WVGAV3AX9DW806274,Female,Tesla,Model S,2018,6
52,059-4212-6232,Nathalia,O'Doherty,JHMGE8G27AC722019,Female,Tesla,Model X,2019,4
53,466-0600-8507,Tobiah,Fudger,1GKS1CKJXFR858095,Male,Tesla,Model Y,2023,4
54,718-3259-4542,Xavier,Ley,WAUCFAFR3EA518464,Male,Tesla,Model 3,2016,1
55,652-5523-1457,Cyndi,Pordall,JTHDU1EF0E5148716,Female,Tesla,Model Y,2023,5
56,986-0353-8035,Larina,Jacke,1G6KD57Y91U125193,Non-binary,Tesla,Model Y,2020,3
57,362-5990-8233,Karlens,Drinan,WAUHE78P48A925043,Male,Tesla,Model X,2016,5
58,488-1854-7787,Fran,Ioan,WAUFL54D91N859486,Male,Tesla,Model X,2017,1
59,810-2544-4645,Eli,Cruz,WBANA53535C058310,Male,Tesla,Model 3,2017,6
60,483-8899-8142,Portie,Skerrett,1N6AA0CA4FN868341,Male,Tesla,Model S,2023,1
61,497-5123-4292,Valida,Wintersgill,19UUA66286A556958,Female,Tesla,Model 3,2023,3
62,396-8034-3534,Darrel,Gosdin,WDDNG7BB4AA673397,Genderqueer,Tesla,Model S,2018,4
63,621-1210-0651,Chicky,Duffree,WAUDC68D71A277109,Male,Tesla,Model Y,2023,3
64,748-6080-2659,Tallou,Martinet,JTHBE1D27E5985997,Female,Tesla,Model Y,2020,3
65,615-9548-5073,Antony,Llorens,1FMJU1J51AE540771,Male,Tesla,Model Y,2015,4
66,136-3213-8508,Noami,Weafer,WAUVT68E22A802401,Female,Tesla,Model 3,2016,2
67,898-5396-5593,Parrnell,Glader,1C6RD7HT3CS010475,Male,Tesla,Model 3,2018,4
68,470-6221-4044,Dorene,Couper,KMHFH4JG5FA004792,Female,Tesla,Model 3,2019,4
69,346-5330-8045,Mile,Purkiss,1NXBU4EE2AZ117593,Male,Tesla,Model S,2018,4
70,748-0672-2981,Kevyn,Toolin,WAURD68D41A621191,Female,Tesla,Model S,2021,4
71,404-9005-9733,Virgilio,Kemble,2GKALMEKXF6183263,Male,Tesla,Model X,2017,4
72,365-4894-4247,Timothy,Witz,WAU4FBFL5BA804107,Male,Tesla,Model 3,2019,4
73,389-6300-4070,Mahala,MacDermid,KL4CJFSB3EB611447,Female,Tesla,Model X,2019,7
74,713-7419-8097,Loella,Precious,3VWA17AU8FM447030,Female,Tesla,Model X,2017,7
75,466-2332-7667,Barclay,Rousel,SALAB2D46BA763475,Male,Tesla,Model Y,2015,2
76,461-0791-2837,Tymon,Dodds,KM8NU4CC0CU160069,Male,Tesla,Model Y,2023,6
77,480-9824-9123,Avie,Inchan,JTDKDTB31F1941532,Female,Tesla,Model X,2023,3
78,366-9407-4820,Morey,Troyes,1G6KD57Y53U020945,Male,Tesla,Model S,2021,8
79,358-8855-5915,Rebbecca,Gladdish,WAUBF98E17A834582,Female,Tesla,Model X,2020,6
80,113-5674-4376,Henderson,Baggallay,JH4DC54834S823844,Male,Tesla,Model X,2018,2
81,046-5469-7891,Claudianus,Bettington,1G4HJ5EM1BU424464,Agender,Tesla,Model S,2022,6
82,195-7845-0026,Gertrud,Potapczuk,JTHBL5EF9F1612905,Female,Tesla,Model 3,2022,1
83,164-5168-5724,Micki,McManus,1FMEU6FE0AU105480,Female,Tesla,Model S,2022,4
84,756-6795-9538,Babb,Northing,1G4GE5EV7AF952232,Female,Tesla,Model Y,2019,3
85,803-3202-9240,Agosto,Blown,SCBFT7ZA3DC541332,Male,Tesla,Model Y,2015,7
86,275-0934-0803,Henri,Puddefoot,1G4PT5SV8D4324044,Male,Tesla,Model Y,2017,6
87,952-2006-7839,Marie,Brandreth,1G4GE5G36EF393872,Female,Tesla,Model S,2020,1
88,789-7899-0366,Barb,Thunnercliffe,1GD020CG4CF421168,Female,Tesla,Model X,2022,3
89,446-0443-8713,Clarisse,Glanister,1FTFW1E86AK082395,Female,Tesla,Model 3,2020,4
90,963-6645-0823,Gilda,Bernini,3GYT4LEF2CG342799,Female,Tesla,Model 3,2021,5
91,930-6085-1811,Richmond,Merida,1GYS4CKJ1FR557034,Male,Tesla,Model 3,2017,5
92,993-4043-0785,Gawen,Eastment,2T2BK1BA5FC415436,Male,Tesla,Model Y,2020,8
93,749-0448-6320,Cass,Norvel,WAU4FAFR1DA857128,Female,Tesla,Model S,2018,0
94,839-2511-6203,Robina,Woollacott,1FTNS1EW1AD112784,Female,Tesla,Model 3,2017,6
95,405-4486-1267,Cristiano,Bocken,5N1AA0NC8FN555466,Male,Tesla,Model Y,2017,4
96,283-6827-5452,Lanie,Waddams,JTHBK1GG1D2142670,Male,Tesla,Model S,2017,4
97,652-2377-5568,Rani,McLellan,5J8TB2H28AA775233,Female,Tesla,Model 3,2023,4
98,417-7157-5566,Selina,Mahady,WBANE53537B247598,Female,Tesla,Model S,2023,1
99,580-0594-8782,Aurore,Chatband,3VWF17AT4FM690217,Female,Tesla,Model X,2022,3
100,137-6624-8266,Darby,Patten,1FTEX1CM7BK781786,Male,Tesla,Model X,2016,2
101,812-4101-8207,Bibbye,Loomes,WAUTFAFHXBN964073,Female,Tesla,Model Y,2023,5
102,178-5225-2338,Bord,Cleminson,4USDU53598L426591,Male,Tesla,Model X,2016,5
103,611-8883-2886,Diann,Gater,SCFFDEDN9CG182103,Female,Tesla,Model Y,2016,3
104,430-9746-2156,Cherlyn,Phinn,1ZVBP8AM6E5594377,Female,Tesla,Model X,2015,7
105,214-7615-9669,Curcio,Drinkwater,5N1AR2MM5DC432344,Male,Tesla,Model S,2015,5
106,638-2269-3947,Florencia,Klaffs,WAUSF78E07A034098,Female,Tesla,Model 3,2023,7
107,863-9231-9206,Paulie,Pullen,WUAW2AFCXEN086099,Male,Tesla,Model X,2016,6
108,287-3525-4489,Gavin,Douch,1FMJU1H55AE450593,Male,Tesla,Model X,2023,6
109,619-4724-9083,Marcelle,Nazer,5FPYK1F22CB858417,Female,Tesla,Model S,2019,4
110,461-5477-3618,Magnum,Carnaman,JTDKDTB30D1345017,Genderfluid,Tesla,Model X,2016,1
111,359-5120-7588,Wyatan,Redon,WBAUN13558V547289,Male,Tesla,Model 3,2016,4
112,124-9456-5490,Luella,Corwood,SCBCR73W29C433569,Female,Tesla,Model Y,2022,3
113,569-2098-9098,Vida,Storch,1G6DX67D490253010,Female,Tesla,Model Y,2015,9
114,415-5883-4429,Tanner,Form,TRUTC28N651400345,Male,Tesla,Model X,2019,3
115,294-6003-6749,Tish,Goede,1G6YV36A385997986,Female,Tesla,Model S,2016,3
116,638-0915-0533,Jedidiah,Mogford,WBAKX8C52CC144224,Male,Tesla,Model 3,2015,1
117,607-2941-2834,Lydon,Kilmurry,3MZBM1U76EM112779,Male,Tesla,Model X,2018,8
118,306-7396-6830,Farris,Sharper,3G5DB03L96S755772,Male,Tesla,Model S,2020,4
119,178-3306-1468,Candy,Jewsbury,WA1CGBFE4CD055050,Female,Tesla,Model X,2015,1
120,391-6839-0597,Flemming,Hornbuckle,SCFAB22332K498673,Male,Tesla,Model 3,2021,0
121,255-8809-8051,Grange,Sibson,1FA6P0G77E5232121,Male,Tesla,Model 3,2022,3
122,145-3672-9828,Judie,McCarney,1GYUKHEF2AR660376,Female,Tesla,Model 3,2017,6
123,742-3589-2227,Gearard,Kerr,JTHBE1D28E5209135,Male,Tesla,Model 3,2015,0
124,530-9000-0074,Gerrilee,Pendlenton,1GYS3KEF7BR522447,Female,Tesla,Model 3,2020,8
125,019-1693-8627,Lydia,Vido,3VW8S7AT1FM881082,Female,Tesla,Model Y,2018,5
126,376-4074-9056,Fallon,Weller,5N1AT2ML6FC714794,Female,Tesla,Model Y,2015,4
127,512-3137-3043,Dore,Rowter,WAUKF98E36A454805,Male,Tesla,Model 3,2019,3
128,421-9890-4359,Alanah,Buckle,2CTALBEW3A6183301,Female,Tesla,Model X,2020,2
129,577-0113-2100,Jere,Chang,WAUAFAFL3AA726406,Male,Tesla,Model Y,2019,7
130,453-0026-7482,Miles,Carney,WBAFR1C57BD421543,Male,Tesla,Model 3,2023,3
131,501-9080-8826,Vincenz,Flecknell,5TDDCRFH8ES265439,Male,Tesla,Model Y,2020,8
132,452-4666-9820,Mannie,Lisciandro,2G4GP5EX8F9032184,Male,Tesla,Model 3,2020,4
133,700-8935-0399,Viole,Crabb,KNAFU6A27B5125338,Genderqueer,Tesla,Model S,2019,3
134,790-1355-2209,Brett,Dinesen,WBAAZ33484K782534,Male,Tesla,Model 3,2019,5
135,781-5223-7373,Kordula,Layland,5N1AN0NW5FN659492,Genderfluid,Tesla,Model S,2022,5
136,644-2826-5137,Tonie,Pickavant,JM1GJ1T52E1758626,Female,Tesla,Model X,2017,3
137,016-0210-6218,Timi,McGahey,WDDGF5EB1AA248344,Genderfluid,Tesla,Model S,2019,1
138,616-6187-5700,Kiersten,Ryce,WBAWL135X8P163480,Female,Tesla,Model X,2018,4
139,278-2762-3572,Thom,Styche,3C3CFFJH7ET730022,Bigender,Tesla,Model 3,2020,1
140,352-5583-6001,Devon,Eggerton,1G6DN57S650779955,Female,Tesla,Model Y,2018,7
141,759-3495-6360,Bibi,Trower,WBAHL03526D228050,Female,Tesla,Model Y,2015,9
142,193-2887-0962,Sharyl,McAree,WA1CGAFE2BD791557,Female,Tesla,Model 3,2021,6
143,033-7923-8941,Maye,Englefield,1G6AP5SX2E0662440,Female,Tesla,Model X,2021,5
144,941-3632-4595,Vilma,Doxsey,3FADP4AJ0FM583435,Female,Tesla,Model 3,2016,4
145,067-2158-7395,Kevon,Buckbee,KNADH4A39A6560282,Male,Tesla,Model S,2016,0
146,351-2239-4120,Jecho,Grossman,WAUFL44D83N251861,Male,Tesla,Model S,2023,3
147,815-1722-1593,Jillene,Hacking,WVWAP7ANXDE722748,Female,Tesla,Model S,2021,5
148,591-8170-2482,Ulla,Faustin,1LNHL9DR0AG715307,Genderqueer,Tesla,Model X,2016,6
149,517-3096-4930,Reinaldo,Skae,TRUSC28N721448721,Male,Tesla,Model 3,2021,5
150,971-4358-8439,Joey,Auchterlonie,WP0AA2A95CS145733,Bigender,Tesla,Model X,2023,3
151,545-9129-6289,Rosabella,Titmuss,JHMZF1D43CS711773,Female,Tesla,Model X,2016,2
152,423-0944-8007,Pepe,Burbudge,5FNYF3H45FB669532,Male,Tesla,Model 3,2022,5
153,290-3547-8390,Ashleigh,Beazley,5GAER13D09J000153,Female,Tesla,Model Y,2015,2
154,111-0464-1388,Carling,Bille,3LN6L2LU3FR944133,Male,Tesla,Model X,2016,1
155,102-9177-4204,Meryl,Twitchett,19VDE1F39EE709978,Female,Tesla,Model S,2016,4
156,461-0131-5046,Falito,McDyer,WAUNF98P18A732781,Male,Tesla,Model Y,2019,6
157,770-3630-6038,Gunter,Murie,4T1BF1FK6FU604946,Male,Tesla,Model S,2018,0
158,558-5196-6486,Neil,Sharvill,WBADR63412G047232,Male,Tesla,Model S,2016,9
159,986-7943-9283,Libbey,Belliard,WBA3A9G55EN756382,Female,Tesla,Model S,2020,5
160,366-5746-9162,Iver,Samweyes,WAUFFBFL0BA736582,Male,Tesla,Model S,2016,3
161,702-9044-9274,Burt,Arstall,YV1672MK1C2628424,Male,Tesla,Model 3,2015,3
162,544-1626-2914,Nanon,Brislane,JHMZF1C67DS120138,Female,Tesla,Model Y,2017,5
163,389-6439-1542,Vivien,Greenwood,5UXFG43538L412622,Female,Tesla,Model Y,2017,4
164,754-8481-2604,Franklin,Dubose,5GAER13708J810262,Male,Tesla,Model Y,2019,4
165,106-0298-7287,Nicolis,Blacksland,WBANU5C55AC253889,Male,Tesla,Model 3,2019,7
166,065-0504-1618,Briana,Duny,1N6AD0CW2EN925606,Female,Tesla,Model X,2019,3
167,124-5159-6454,Caroline,Sloam,3D73M4CLXBG124117,Female,Tesla,Model 3,2021,5
168,383-5402-9341,Adorne,Pigeon,1D7RW2BK8BS524428,Female,Tesla,Model X,2023,3
169,211-7490-0767,Nichol,Yeiles,5FRYD3H43EB958962,Female,Tesla,Model 3,2020,1
170,135-5985-4613,Maxy,Jagielski,WAUAFAFL8EN240589,Male,Tesla,Model X,2019,6
171,484-9232-8437,Vida,Mallabone,JN1BJ0HP0FM271099,Female,Tesla,Model 3,2019,4
172,326-4044-1962,Georgia,Gerriet,WAULC68E23A399867,Genderfluid,Tesla,Model S,2022,2
173,340-6626-5195,Daphne,Conaghan,WAUED54B61N147380,Female,Tesla,Model Y,2019,2
174,638-7037-7986,Hurlee,Vost,1GD422CG6EF430938,Male,Tesla,Model Y,2021,3
175,020-5547-5886,Osborn,McBrearty,WVGAV3AX2EW592682,Male,Tesla,Model Y,2018,4
176,926-5564-1813,Tomasina,Hellin,3VWAL7AJXAM023213,Female,Tesla,Model X,2015,4
177,449-0828-7621,Gardener,Found,WBA3V9C50EP928817,Male,Tesla,Model X,2015,4
178,458-9580-3587,Jose,Jorat,1GTN1TEH3EZ923711,Male,Tesla,Model S,2019,3
179,113-6922-2210,Saree,Hughland,1G6DG8E53C0664302,Female,Tesla,Model 3,2018,5
180,677-8062-7402,Adrienne,Fish,SAJWA4FC9EM376939,Female,Tesla,Model S,2019,5
181,860-4846-2142,Adriena,MacAdie,WBAPM7C58AE338640,Female,Tesla,Model S,2020,3
182,601-6378-3865,Randolf,Hartley,WAUBF78E98A357714,Male,Tesla,Model 3,2020,6
183,743-2663-4340,Jennifer,Cuffin,4T1BF3EK8BU017705,Female,Tesla,Model Y,2022,6
184,770-4157-0289,Levi,Carcas,WAUBVAFB0BN231928,Male,Tesla,Model Y,2021,8
185,256-0570-5119,Magda,Cuxson,JTJHY7AX8A4729046,Female,Tesla,Model S,2021,7
186,504-4770-6148,Ethelda,Spiers,JTHBE5C26C5168803,Non-binary,Tesla,Model Y,2019,6
187,663-9048-6721,Minny,Oakeshott,WAUAF78E17A067123,Bigender,Tesla,Model X,2016,3
188,839-4172-5573,Lauree,Kerkham,WAUML44DX3N378828,Female,Tesla,Model Y,2017,10
189,326-4429-0550,Fayette,Dickerson,WAUVT58E04A983155,Female,Tesla,Model 3,2021,4
190,077-7060-8999,Esme,Scone,WBAFU9C56CD269320,Male,Tesla,Model 3,2019,6
191,042-4732-0208,York,Spore,WAUAH94F46N747593,Agender,Tesla,Model X,2016,6
192,689-0957-8725,Torry,Robelet,JN8AE2KP7F9176743,Male,Tesla,Model X,2017,4
193,661-5644-1663,Issy,Breadmore,WBAKE3C54BE255689,Female,Tesla,Model S,2019,5
194,643-1433-9134,Wendall,Scurry,WAUEF98E88A231398,Male,Tesla,Model X,2022,7
195,998-3023-1674,Tera,Woan,WA1EV94L47D157107,Female,Tesla,Model 3,2021,9
196,060-9522-9433,Orazio,Wallis,KMHCT4AE2CU105279,Male,Tesla,Model 3,2023,6
197,326-5888-8740,Camile,Hardwicke,JH4CU2E83CC378648,Female,Tesla,Model Y,2018,0
198,531-3660-9320,Josiah,Linscott,WA1CV74LX7D751955,Male,Tesla,Model Y,2022,3
199,418-4544-1807,Fredelia,Riccelli,WBADT43461G628228,Female,Tesla,Model Y,2017,1
200,769-7735-9639,Roanna,Silbert,WAUDV74F68N930281,Female,Tesla,Model X,2017,8
201,684-9272-5535,Corabel,Tingley,5XYKT3A16CG339935,Female,Tesla,Model Y,2023,4
202,534-3916-3787,Nestor,Steinson,2G4GU5GX9E9609566,Male,Tesla,Model S,2022,2
203,984-3256-6514,Myrtice,Croucher,JN1CV6EK8AM173452,Female,Tesla,Model X,2015,3
204,335-7563-7041,Irwin,Clunan,2C3CA6CT9BH492226,Male,Tesla,Model Y,2023,6
205,472-9630-3869,Norman,Delafont,WVGEF9BP4ED300347,Male,Tesla,Model S,2017,6
206,868-8509-0009,Clarke,Gavahan,JM1NC2MF1D0889453,Male,Tesla,Model S,2020,4
207,248-3966-1996,Genevieve,Benbrick,WBAEV33464P169960,Polygender,Tesla,Model Y,2019,4
208,762-7027-5768,Elsie,Merner,5FNYF3H20AB290378,Female,Tesla,Model 3,2020,1
209,145-8331-4851,Gisele,Conyard,WA1LFAFPXDA551908,Female,Tesla,Model 3,2021,6
210,156-5987-2269,Jarib,Freemantle,WAUHF98PX7A879144,Male,Tesla,Model S,2022,3
211,519-6022-1552,Cahra,Langford,19UUA66284A749429,Genderfluid,Tesla,Model 3,2020,2
212,454-9174-7783,Sven,Yaakov,WBAPT7C57AC840280,Male,Tesla,Model 3,2017,5
213,824-0766-6726,Delly,Tatershall,JTHBE1BL2E5485726,Female,Tesla,Model Y,2020,2
214,283-3647-0681,Karlan,Wollers,1FMNE1BW0AD059101,Male,Tesla,Model X,2022,4
215,569-0370-0095,Wes,Fernihough,KMHTC6ADXEU964660,Male,Tesla,Model 3,2020,4
216,831-6785-9469,Itch,Murrthum,5NPDH4AE9CH864550,Male,Tesla,Model S,2020,5
217,930-9159-4734,Christophorus,De Freyne,JM1NC2JF9F0378841,Male,Tesla,Model 3,2023,4
218,924-8253-5633,Nadine,Cadney,WBA3B5C5XEF134740,Female,Tesla,Model S,2019,7
219,124-5228-9410,Genni,Fawltey,1GYS3BEF6CR195072,Female,Tesla,Model 3,2019,2
220,172-4357-6126,Trev,Venditto,WAUDGAFL0AA336762,Male,Tesla,Model X,2023,4
221,967-5545-6889,Montague,Killough,19UYA41683A611260,Male,Tesla,Model 3,2023,4
222,682-8406-1979,Myrwyn,Allan,JTJBM7FX6F5409266,Male,Tesla,Model S,2016,2
223,133-4482-7884,Megan,Lowfill,1N4AL2AP6BN409506,Bigender,Tesla,Model Y,2023,5
224,266-0334-0478,Thaddeus,Burds,1G6DP1ED2B0065307,Male,Tesla,Model S,2019,6
225,188-0365-6929,Ferrell,Brok,1GYUCCEF5AR316976,Male,Tesla,Model 3,2017,5
226,877-7920-9898,Isabella,Deer,WBA3N9C56EK118380,Female,Tesla,Model 3,2017,2
227,593-6859-4429,Torry,Demangeot,KNADM4A3XD6111144,Male,Tesla,Model S,2016,3
228,219-3083-7308,Georgiana,Pigrome,WAUHFAFLXCN978762,Female,Tesla,Model 3,2022,5
229,897-8505-8740,Jody,Beamond,WA1YD64B44N382901,Male,Tesla,Model X,2022,0
230,119-7814-9141,Gizela,Pigot,JTDKDTB32D1663222,Female,Tesla,Model S,2021,4
231,839-2447-1042,Bart,Beer,WBAYE8C52ED489945,Bigender,Tesla,Model X,2017,4
232,752-2132-5780,Hussein,Poon,1G6AM5SX1D0358183,Male,Tesla,Model S,2020,5
233,475-9059-9423,Lyndell,Henighan,WAUDV94F17N170254,Female,Tesla,Model S,2021,5
234,901-5900-4245,Geno,Virgoe,WAUHGBFC5DN768073,Male,Tesla,Model Y,2023,5
235,268-4014-2899,Sanders,Taylot,5N1AR1NB6AC007461,Male,Tesla,Model X,2019,3
236,557-2196-3573,Valaree,Motten,JH4DC54856S077254,Female,Tesla,Model S,2022,0
237,013-4016-9141,Laney,Northcote,3N1AB6AP7CL118909,Male,Tesla,Model 3,2016,3
238,881-0738-1318,Florrie,Cockett,JH4CL96928C083714,Female,Tesla,Model X,2017,4
239,793-2507-1392,Bordy,Blanking,5TDDCRFH2FS557945,Male,Tesla,Model X,2022,2
240,946-3636-5170,Kali,Walwood,2C3CA4CD8AH514907,Female,Tesla,Model S,2019,4
241,649-8511-2721,Padriac,De Cruce,5N1AN0NU8EN425831,Male,Tesla,Model 3,2018,5
242,594-9413-0357,Annabel,Gillard,1G6AP5SX9F0066002,Female,Tesla,Model Y,2017,5
243,090-9439-5725,Edmund,Camin,WAUGL58E25A340879,Male,Tesla,Model Y,2021,6
244,427-4555-6800,Aggy,Jose,3GYFNFEY8BS821690,Female,Tesla,Model X,2023,1
245,305-1696-4905,Radcliffe,Vondrak,WBAET37435N594307,Male,Tesla,Model Y,2015,0
246,262-1670-9036,Ali,Shank,KNDJT2A5XD7229557,Male,Tesla,Model S,2020,4
247,992-5960-7070,Faustina,Caurah,WBAGN83423D556253,Female,Tesla,Model Y,2021,2
248,100-8151-5555,Mallorie,Philipsen,WBAGN83554D621347,Female,Tesla,Model S,2015,3
249,879-9126-1499,Estell,Fullylove,4T1BD1FK2FU237968,Female,Tesla,Model 3,2020,3
250,756-8623-4822,Val,Alessandrucci,WP1AA2A28DL473691,Male,Tesla,Model Y,2019,7
251,992-7641-6058,Betta,Shrimpton,WBAUN9C56AV761468,Female,Tesla,Model Y,2017,0
252,809-0398-0136,Elton,Pudan,JH4DC538X4S169247,Male,Tesla,Model Y,2015,3
253,926-1623-2820,Torey,Churn,WBAVL1C59FV623491,Female,Tesla,Model Y,2023,2
254,273-5137-3695,Lucie,Gravestone,WBA3B5C55DF805441,Genderfluid,Tesla,Model X,2015,9
255,497-4767-7566,Fairleigh,Long,1G6DJ577680113643,Genderfluid,Tesla,Model S,2023,4
256,657-5495-3561,Woody,Humbell,WAUGGBFC1CN781039,Male,Tesla,Model 3,2015,4
257,664-5955-7782,Carly,Lugsdin,SCFAD01A65G691180,Female,Tesla,Model S,2019,3
258,232-6713-7695,Nikolaos,Tissiman,1G6DW677170615661,Male,Tesla,Model X,2018,6
259,449-4328-7118,Annmaria,Delahunty,WBAKN9C55FD804752,Female,Tesla,Model X,2022,4
260,566-2214-0725,Allegra,Fores,WAUMR44E16N008170,Female,Tesla,Model Y,2016,6
261,263-1806-2829,Garry,Balducci,WAUGFAFC0DN215632,Male,Tesla,Model Y,2017,3
262,983-1206-1404,Barnabe,Giriardelli,3LN6L2LU5FR693776,Male,Tesla,Model 3,2020,7
263,738-8434-2823,Dorie,Joburn,3D73M3CL6AG068282,Male,Tesla,Model X,2021,3
264,046-3223-4827,Royce,Jencken,5NMSG3ABXAH154996,Male,Tesla,Model S,2017,6
265,264-8431-0674,Mariele,Roskruge,1G6DJ8ED1B0560138,Female,Tesla,Model X,2019,5
266,877-7228-9306,Ernst,Aimson,WAULK98K99A467777,Male,Tesla,Model S,2017,8
267,393-7566-6639,Guinevere,Barter,1VWAP7A37EC689457,Female,Tesla,Model Y,2020,3
268,075-3533-6846,Kristos,Dutton,1G6AB5RA8E0005710,Male,Tesla,Model 3,2021,6
269,470-5512-9709,Claresta,Turnpenny,3D7JB1ETXBG886582,Female,Tesla,Model Y,2017,4
270,504-2744-5100,Vasilis,Bowley,1N6AA0CJ7FN769447,Male,Tesla,Model Y,2022,7
271,468-9082-0032,Yance,Vittore,WVGAV3AX2EW224423,Male,Tesla,Model 3,2019,2
272,089-8727-7272,Nana,Weatherill,2G61N5S33D9994751,Female,Tesla,Model 3,2021,2
273,041-4254-8736,Oren,Mower,SCBBR53W26C872427,Male,Tesla,Model 3,2022,5
274,632-4288-3739,Maryl,Chellenham,1N6AA0CC7BN040506,Female,Tesla,Model Y,2022,3
275,917-4548-2865,Cale,Frankum,VNKKTUD3XFA015868,Male,Tesla,Model S,2017,5
276,716-0917-1650,Donielle,Veel,WAUET48H65K892567,Genderfluid,Tesla,Model 3,2017,3
277,018-1280-5648,Anton,Pickworth,3C4PDCDG1CT474588,Male,Tesla,Model X,2021,3
278,287-5430-7107,Lois,Sargison,JN8AZ1MUXDW194444,Female,Tesla,Model S,2018,4
279,643-4971-5147,Ingrim,Poulton,WBAYE8C5XED168171,Male,Tesla,Model 3,2017,5
280,638-6690-5322,Sharleen,Lochhead,4T3BK3BB0FU366399,Female,Tesla,Model X,2017,4
281,321-5041-1156,Rae,Macourek,SCFFDAAE5CG669912,Female,Tesla,Model S,2021,3
282,392-7977-3831,Iolande,Cantos,WBA3D5C52FK389952,Female,Tesla,Model S,2019,0
283,585-0747-3410,Ciel,Giraudou,WA1CMAFP8FA566724,Female,Tesla,Model X,2018,6
284,809-9679-8309,Artemas,McFeat,5J8TB2H52CA820101,Male,Tesla,Model 3,2017,4
285,112-1780-2829,Karim,Woodrooffe,3G5DB03E44S165168,Male,Tesla,Model X,2019,3
286,722-5490-9706,Cory,Sawl,4T1BD1FK9FU752692,Female,Tesla,Model 3,2022,6
287,933-4459-8140,Ellen,Ranklin,1GYFC56279R611024,Female,Tesla,Model X,2017,5
288,095-9502-3396,Roz,Ambrosini,WBAEV53472K552313,Female,Tesla,Model X,2018,1
289,659-5666-0539,Grady,Hunting,3N1AB6AP9BL837089,Male,Tesla,Model Y,2022,4
290,348-3930-5926,Juliane,Middas,3D73Y3HL3AG272499,Agender,Tesla,Model Y,2023,2
291,044-3757-6171,Leonelle,Marjanovic,5TFBW5F12AX518365,Female,Tesla,Model Y,2017,4
292,077-0569-6563,Alix,Coldbreath,1FM5K7B82FG971764,Male,Tesla,Model S,2019,2
293,913-1654-0986,Katharine,Maron,KMHFC4DDXAA687811,Female,Tesla,Model S,2021,9
294,952-8487-4261,Rickert,Arnison,1G6DP8E32D0026686,Male,Tesla,Model S,2015,5
295,372-2998-7799,Jackelyn,Gawthrop,SCBDR3ZA4AC650036,Female,Tesla,Model S,2016,7
296,508-1845-3001,Haroun,Horlock,WDDGF4HB7EA188565,Male,Tesla,Model S,2018,2
297,153-8538-5813,Kat,Tattershaw,5N1AN0NW5EN813066,Female,Tesla,Model X,2023,4
298,309-9154-1101,Robbyn,Keel,2C3CCAXJ6DH317988,Female,Tesla,Model X,2017,3
299,522-7876-9495,Thia,MacCracken,2GKALMEK4C6316997,Female,Tesla,Model X,2020,6
300,175-8465-7741,Giff,Spawell,1FTEW1CM8EK781996,Male,Tesla,Model 3,2021,4
301,933-2636-3483,Gran,Tingly,1FMJU2A52AE474978,Male,Tesla,Model X,2015,2
302,305-5882-4386,Laura,Critten,WA1CGAFP1FA403078,Female,Tesla,Model X,2017,4
303,915-0612-4460,Adena,Reddick,1FTEW1CM3DF405360,Female,Tesla,Model S,2017,2
304,753-4131-0313,Andres,Frost,WBAFB334X1L259273,Non-binary,Tesla,Model Y,2016,6
305,196-6972-7011,Lethia,Stanion,KL4CJDSBXFB115552,Female,Tesla,Model 3,2023,6
306,856-6335-5830,Karna,Stansell,5XYZG3ABXBG050485,Female,Tesla,Model Y,2018,6
307,634-3359-7772,Sloan,Davage,WBSVA93558E962347,Non-binary,Tesla,Model 3,2020,3
308,929-2557-8534,Cecelia,Dreghorn,WBAKE5C5XDJ182852,Female,Tesla,Model S,2021,6
309,808-5790-5225,Hildagarde,Startin,WBADW7C53CE382271,Female,Tesla,Model S,2019,3
310,963-7888-2670,Brendon,Bestwick,1N6AA0CA8FN494607,Male,Tesla,Model Y,2022,7
311,487-9266-9116,Halley,Duran,KNDPB3A25D7378905,Female,Tesla,Model Y,2022,6
312,315-8808-3935,Natividad,Willars,SCBZB25E71C891196,Female,Tesla,Model S,2018,3
313,577-0336-1331,Rriocard,Le Galle,2HNYB1H25AH683149,Male,Tesla,Model Y,2015,1
314,182-4272-0070,Helaina,Kropach,SCBCR73WX9C336541,Female,Tesla,Model S,2020,5
315,888-8069-5707,Winnifred,Tryme,4T1BK3DB2CU758138,Female,Tesla,Model X,2018,1
316,307-3459-2143,Geneva,Cowcha,WBALM5C52AE538934,Female,Tesla,Model Y,2017,5
317,107-8858-3836,Sallyanne,Adamek,1FTWF3C5XAE764764,Female,Tesla,Model Y,2022,2
318,081-6748-2540,Warren,Beade,4T1BF1FK9EU754791,Male,Tesla,Model 3,2021,5
319,083-6976-7798,Jaquith,Aliberti,JH4CL96917C791502,Female,Tesla,Model 3,2022,5
320,365-6451-2186,Rodolph,Blenkinsop,5N1AA0NC9BN251315,Male,Tesla,Model X,2021,4
321,443-2158-1214,Marigold,McCawley,2FMHK6DC0AB808989,Female,Tesla,Model Y,2018,3
322,581-9617-6859,Cull,Robker,WAUVVAFR8AA228310,Male,Tesla,Model X,2016,4
323,614-3958-3628,Nolan,Rains,1FMJU1G55AE735697,Male,Tesla,Model S,2022,6
324,900-6793-4104,Natassia,Biskup,JN8AZ2KR1BT224398,Female,Tesla,Model X,2022,2
325,060-3014-3794,Mahmoud,Topper,WAUAFAFL9BN384373,Male,Tesla,Model Y,2016,5
326,565-6654-6174,Fawn,Zute,1G6KE57Y55U918445,Female,Tesla,Model Y,2021,4
327,735-5293-9891,Bertie,Ragborne,3VW8S7AT6FM288933,Male,Tesla,Model 3,2018,5
328,114-6200-7708,Claudelle,Steeden,WAULK78K39A080601,Female,Tesla,Model 3,2022,6
329,438-1936-8772,Devin,Yair,1GTN1TEX8CZ030020,Male,Tesla,Model X,2018,2
330,813-4798-1902,Michael,Carty,1GD021EG5FZ139952,Male,Tesla,Model Y,2021,2
331,345-6950-1006,Genny,Botten,1G4CU541854596746,Polygender,Tesla,Model 3,2018,5
332,074-9493-2686,Tomkin,Olivas,3D7JB1EP5BG780687,Male,Tesla,Model Y,2023,3
333,622-8972-8594,Hakeem,Kainz,4T1BF3EK7BU351532,Male,Tesla,Model S,2021,5
334,668-7499-6140,Desi,Fritschel,WBAEH13597C545096,Male,Tesla,Model 3,2019,2
335,853-3772-5522,Carolus,Thoresbie,1GYS4KEF0ER060718,Male,Tesla,Model X,2022,4
336,130-1002-1421,Bayard,Voisey,WA1LMBFE9DD244559,Male,Tesla,Model 3,2023,3
337,880-7132-0840,Bonnee,Pariso,5XYZG3AB8CG412797,Female,Tesla,Model S,2018,6
338,811-3324-8595,Ingelbert,Wadlow,4JGCB2FE0CA426142,Male,Tesla,Model Y,2015,9
339,054-3199-7506,Anna-maria,Exelby,19XFB2F51CE301164,Female,Tesla,Model Y,2016,7
340,461-7217-6058,Vite,Treffrey,WA1WYAFE6AD527427,Male,Tesla,Model S,2021,2
341,722-7997-8906,Norbert,Mannock,1G6KD57Y19U774871,Male,Tesla,Model 3,2022,3
342,819-9284-7409,Hardy,Wisam,19XFB2F52EE622004,Male,Tesla,Model X,2020,2
343,428-6718-7620,Licha,Farrear,WBABV13406J059693,Agender,Tesla,Model S,2015,5
344,771-9428-0475,Batholomew,Monnery,WBABW53476P722713,Male,Tesla,Model 3,2015,0
345,704-1428-7496,Baxie,Skate,SALSF2D48DA823915,Agender,Tesla,Model 3,2020,7
346,623-8625-6257,Sancho,Hourihane,KNAFU5A2XB5142743,Genderqueer,Tesla,Model 3,2023,3
347,630-8978-4759,Annie,Dellenty,5GAKRBKDXDJ348285,Female,Tesla,Model Y,2019,4
348,105-6456-9901,Shane,Tinan,WAUBGBFC1CN787210,Female,Tesla,Model Y,2018,5
349,809-0629-6461,Wat,Filoniere,2T1BU4EE2CC086883,Male,Tesla,Model S,2015,7
350,719-3346-6961,Donnie,McKinnon,WBSPM93519E483716,Female,Tesla,Model S,2017,3
351,424-9803-4753,Nellie,MacNeilly,W04GR5EC7B1884501,Non-binary,Tesla,Model 3,2015,1
352,293-5220-0286,Hali,Dulson,1YVHZ8BH7A5568416,Female,Tesla,Model X,2015,6
353,283-4923-2101,Mellicent,McFarland,5N1AZ2MG4FN765040,Polygender,Tesla,Model X,2022,5
354,087-3044-0059,Rubetta,Elsy,JH4KB16698C406968,Female,Tesla,Model S,2019,4
355,242-2816-4220,Harris,Leary,JTHFF2C2XD2362251,Male,Tesla,Model Y,2019,1
356,579-6817-5076,Howie,Smail,WBAVA33557P166962,Male,Tesla,Model S,2022,5
357,391-9523-8452,Celestyna,Faveryear,WAUAFAFHXAN868756,Female,Tesla,Model S,2018,4
358,935-1371-4085,Barr,Deinhardt,JM1NC2LF8F0085168,Male,Tesla,Model S,2015,0
359,301-6975-1542,Niel,Lappin,19UUA8F77DA759716,Agender,Tesla,Model X,2016,5
360,996-8798-4679,Marwin,Flaunders,JN1AZ4FH0FM888042,Male,Tesla,Model 3,2016,3
361,833-7513-7698,Nathanial,Copnall,SAJWA0FB5CL364614,Genderfluid,Tesla,Model X,2016,5
362,047-6601-9826,Marian,Houseman,4F2CY0C7XAK540458,Female,Tesla,Model 3,2015,5
363,198-7841-9952,Audie,Gozzard,KNAFU6A25D5627395,Female,Tesla,Model 3,2018,1
364,302-3827-3290,Ailene,Baulch,1GYS4AEF4DR840696,Female,Tesla,Model Y,2016,2
365,825-8849-0489,Orson,Valentinetti,WBA3B5G5XEN818834,Male,Tesla,Model 3,2018,1
366,519-9758-2352,Boigie,Brockett,1GYS3GEF2DR570535,Male,Tesla,Model X,2020,5
367,085-3576-5670,Greggory,Dunkersley,1GYS3CKJ2FR486767,Male,Tesla,Model Y,2023,5
368,665-8777-4409,Tab,Cohen,SCBZB25EX2C890948,Male,Tesla,Model Y,2018,2
369,973-6280-1013,Lory,Dunham,WBAKF5C54BE013705,Female,Tesla,Model S,2023,1
370,416-5991-8690,Phillip,Tapson,WBAUN93519V932560,Male,Tesla,Model S,2018,5
371,907-9096-3559,Bevin,Medlin,3VWF17AT0FM143400,Male,Tesla,Model Y,2018,6
372,032-1675-4814,Gilli,Bilbie,WAUAFAFL0EA266918,Female,Tesla,Model S,2015,3
373,436-8364-3802,Emmalynne,Sperski,WAUYGAFC6DN325070,Female,Tesla,Model Y,2022,3
374,547-5008-3461,King,Beevors,W04GX5GV1B1368011,Male,Tesla,Model Y,2021,5
375,915-5334-2074,Rochell,Hourigan,5FRYD3H60FB516367,Female,Tesla,Model X,2022,3
376,474-0245-6356,Leroy,McAlroy,WBAFU9C58DD250026,Male,Tesla,Model S,2017,4
377,965-6613-2898,Engracia,Seldon,1GYS4JKJXFR044997,Female,Tesla,Model S,2017,2
378,935-6318-3046,Alvin,Gallamore,WBADT43412G494715,Male,Tesla,Model 3,2015,4
379,191-6035-5671,Trev,Deveral,JHMZF1C65FS011244,Male,Tesla,Model Y,2023,2
380,148-9365-7831,Gabriel,Di Franceshci,5TFCY5F10DX103287,Male,Tesla,Model Y,2023,2
381,152-2209-1881,Peder,Howard,1G4GF5G37FF445167,Male,Tesla,Model Y,2015,7
382,988-8214-8893,Kali,Walewicz,1G6DX67D870479869,Female,Tesla,Model X,2022,3
383,937-6616-1263,Silvano,Gossling,WAUKFAFL9CA498905,Male,Tesla,Model X,2017,2
384,316-1714-0828,Melina,Sherrett,WAUWFBFL3CA030885,Female,Tesla,Model S,2018,0
385,061-0136-4875,Saraann,Pinwill,JN1AZ4EH5BM315634,Female,Tesla,Model 3,2021,4
386,122-1208-9203,Cheryl,McPhail,3VWPG3AG7AM246921,Female,Tesla,Model S,2019,4
387,271-1321-3701,Cynthy,Foster-Smith,2LMDJ6JK0BB222816,Female,Tesla,Model S,2018,3
388,134-2976-4493,Boone,Peinton,WBAWB7C59AP067108,Male,Tesla,Model X,2017,7
389,867-2465-6833,Alexandr,Mockford,19UUA66237A764778,Male,Tesla,Model Y,2015,8
390,125-8914-7481,Hersh,Rattery,2V4RW3D1XAR537076,Agender,Tesla,Model 3,2021,5
391,470-7123-0990,Shep,Ricca,1D7RE3GK2AS919317,Male,Tesla,Model Y,2018,0
392,725-7534-7612,Felizio,Braunton,WA1CFAFP0FA718084,Male,Tesla,Model 3,2017,1
393,520-2037-7379,Maia,Baldini,1N4AL2AP2AN372856,Female,Tesla,Model X,2023,7
394,897-0485-1463,Wendall,Feldmann,3VW4A7AT3DM650974,Male,Tesla,Model S,2023,4
395,286-3330-9271,Chev,De Cruze,2C3CDXHG3CH258867,Bigender,Tesla,Model Y,2023,6
396,474-3512-1753,Benjie,MacLachlan,SCFBB03C29G975839,Male,Tesla,Model Y,2020,2
397,047-5554-5733,Boycey,Bene,YV4952CF9B1802769,Male,Tesla,Model X,2018,2
398,415-7005-7089,Kessia,Tennewell,1GD01ZCG0BF702339,Female,Tesla,Model S,2022,4
399,638-6315-2423,Ruthy,Simmonds,WAULT54B63N418922,Female,Tesla,Model Y,2023,5
400,889-6472-6695,Weylin,Grevile,WVGAV3AX2EW518484,Male,Tesla,Model S,2021,2
401,307-6035-5531,Trudy,Foch,WA1CGBFE0BD374024,Agender,Tesla,Model X,2020,4
402,475-9490-3148,Mandy,Casterot,KL4CJDSB7EB351638,Female,Tesla,Model 3,2022,7
403,283-7847-8644,Flore,Broomer,19UUA9F29DA628524,Female,Tesla,Model 3,2018,3
404,880-6052-4683,Kriste,Barsham,WBAVM1C54EV385237,Female,Tesla,Model S,2022,7
405,896-0755-9631,Cacilie,Cordelette,WBSBR934X1E099974,Female,Tesla,Model 3,2020,5
406,415-1361-5778,Yolanthe,Bedome,WVGAV7AX1AW130891,Female,Tesla,Model S,2022,2
407,469-2824-4347,Norrie,Beveridge,2G4GS5GX1F9285553,Male,Tesla,Model Y,2017,4
408,983-2988-8324,Purcell,Braunle,JH4KB165X7C628702,Male,Tesla,Model Y,2021,3
409,435-0359-3511,Justis,Netti,2T1BU4EE5DC494716,Male,Tesla,Model S,2015,4
410,364-6082-7635,Bab,Shrimpton,3TMJU4GN6CM931024,Female,Tesla,Model 3,2015,4
411,053-2031-7702,Ruddie,Grinham,19XFA1E57BE668387,Male,Tesla,Model X,2017,2
412,387-4687-0253,Carleton,Cooney,1NXBU4EE4AZ744750,Male,Tesla,Model 3,2017,1
413,658-3445-1889,Regine,Emm,WAUMF98K59A049354,Female,Tesla,Model 3,2020,1
414,237-9483-7347,Munmro,Vassie,WBAPM5C52BA235503,Male,Tesla,Model Y,2016,3
415,399-8592-1380,Tripp,Beavington,1YVHZ8BH5A5154101,Male,Tesla,Model Y,2016,4
416,859-4150-3847,Aaren,Pryell,3VWKX7AJ2CM065161,Female,Tesla,Model Y,2016,6
417,181-2443-7627,Dannye,Gentry,WA1WMAFE6FD892628,Female,Tesla,Model S,2022,4
418,472-9300-0318,Bord,Graves,1G6AH5SX7E0936325,Agender,Tesla,Model S,2016,5
419,925-0006-1952,Ingaberg,Titterell,WAUMV94E48N664116,Female,Tesla,Model S,2022,4
420,990-9126-5943,Rolf,Pitkin,WBAUP9C57DV289005,Male,Tesla,Model X,2022,4
421,715-7549-0324,Kittie,Giampietro,WAUVT58E73A610998,Female,Tesla,Model X,2018,4
422,055-4686-7483,Dannie,Hydes,KMHGC4DE4AU365175,Male,Tesla,Model 3,2021,6
423,601-1803-3088,Avery,Seebright,JTHBP5C27B5128917,Male,Tesla,Model X,2015,4
424,959-1634-7208,Leigh,Scroxton,1FTSW3A58AE132136,Female,Tesla,Model 3,2021,5
425,799-5812-2706,Susan,Doctor,JTDKN3DP3D3762830,Female,Tesla,Model S,2018,2
426,373-2957-9307,Corabella,Keepin,JHMZF1C43BS463055,Female,Tesla,Model X,2015,4
427,576-9126-5307,Janine,Ourtic,JTHBK1GG6D2353945,Female,Tesla,Model Y,2021,3
428,129-4268-4607,Ethelred,Sprague,1GTG5BE38F1032762,Male,Tesla,Model S,2017,3
429,903-3399-6333,Hannis,Castelyn,3C3CFFARXET869814,Female,Tesla,Model 3,2016,4
430,435-2051-7548,Joann,Swinburn,SCBZU25E31C695511,Female,Tesla,Model S,2021,5
431,492-7844-6209,Alford,de Clerq,4T1BD1FK3DU849268,Male,Tesla,Model 3,2020,4
432,812-4630-0230,Rayner,Lindstrom,5N1AA0NC3FN305357,Male,Tesla,Model S,2019,5
433,214-7575-2605,Halsey,Behnecke,WAUKF98E35A245739,Male,Tesla,Model S,2017,4
434,592-9098-8690,Borg,MacGillivray,3N1CN7AP8EK405108,Male,Tesla,Model X,2020,5
435,541-4471-7607,Liesa,Hackford,1FMHK7B84CG252055,Female,Tesla,Model Y,2017,2
436,488-9820-0560,Haleigh,Melpuss,WBSBR93454P930922,Female,Tesla,Model S,2015,7
437,348-4736-2805,Thalia,Charter,WAU3GAFR7EA394597,Female,Tesla,Model 3,2023,2
438,279-2842-1101,Janene,Cattini,WBA3B1C56EK731903,Female,Tesla,Model 3,2017,7
439,667-7134-2185,Marcus,Tinkler,JTDKN3DP0F3544640,Male,Tesla,Model Y,2018,1
440,663-7687-8363,Stormie,Scone,WBAVB73577F718259,Female,Tesla,Model X,2022,5
441,796-2658-9110,Betteann,Glayzer,1C4SDHCT5CC474322,Female,Tesla,Model X,2017,6
442,984-2313-1177,Jenilee,Bassindale,WAUEKAFB7AN133726,Female,Tesla,Model S,2015,5
443,573-6025-7289,Thaddeus,Di Baudi,JTJBM7FX6A5532350,Male,Tesla,Model S,2020,5
444,324-9840-3731,Raimund,Tourmell,1FTEW1E8XAK009753,Male,Tesla,Model Y,2023,5
445,086-3269-1540,Sherwood,Labram,2G4GS5EV4D9307799,Genderfluid,Tesla,Model 3,2019,5
446,559-5030-2628,Mark,Dawidowsky,JH4NA21641T014113,Male,Tesla,Model 3,2016,5
447,273-7495-3986,Arda,Mully,1G6DU6EVXA0306883,Female,Tesla,Model S,2019,7
448,913-1169-5038,Leroy,Eames,WAUMF78PX6A307282,Male,Tesla,Model S,2021,8
449,142-9270-0993,Babb,Wanless,1HGCP2F33AA890402,Female,Tesla,Model Y,2017,2
450,779-6720-1152,Nikaniki,Sheasby,WBAPH5C58BF955525,Female,Tesla,Model X,2022,4
451,870-5261-2749,Denna,Banaszkiewicz,5N1AA0NC7CN100510,Female,Tesla,Model S,2018,6
452,184-5707-3815,Camile,Cavanaugh,WAUAFAFL9EN200800,Genderqueer,Tesla,Model S,2020,2
453,458-2160-1518,Tracie,Schustl,2HNYD18246H397360,Female,Tesla,Model Y,2016,7
454,735-4427-6329,Shel,Annakin,WBA3N5C5XEK419582,Female,Tesla,Model S,2016,3
455,659-7671-7372,Ulberto,Brotheridge,JN8AF5MV7FT731574,Male,Tesla,Model X,2017,4
456,458-0465-5338,Corabelle,McChruiter,JTHFF2C24F2206760,Female,Tesla,Model S,2022,5
457,203-1428-9928,Roselia,Isworth,WBAYF4C59ED253329,Female,Tesla,Model X,2016,6
458,877-4302-1440,Bryon,Catanheira,2C4JRGAG3DR392482,Male,Tesla,Model X,2023,3
459,749-2434-4055,Lindie,Wyard,1N6AA0CH7EN772666,Female,Tesla,Model X,2016,1
460,974-5600-3465,Carmine,Chaff,WBA3C3G51EN034589,Female,Tesla,Model X,2021,6
461,919-6674-8178,Hyatt,Dunkley,WBXPC93477W886384,Male,Tesla,Model 3,2017,3
462,456-7349-8187,Jacquetta,Vasilyevski,1FTEX1C88AF190747,Female,Tesla,Model X,2021,5
463,147-7438-2328,Nissie,Bastable,WBANU5C56AB726172,Bigender,Tesla,Model X,2015,2
464,488-6205-1309,Korella,Ipsly,3VW467AT3CM607025,Female,Tesla,Model 3,2018,4
465,915-7321-9750,Benedicta,Tureville,WAUEH78E87A641275,Female,Tesla,Model S,2016,7
466,333-7549-2550,Angel,Essel,KNAFU6A28B5514960,Male,Tesla,Model X,2019,3
467,795-0987-5950,Jenica,Cubbit,1GD12ZCG6CF217030,Female,Tesla,Model 3,2020,2
468,821-0307-1169,Bella,Burdess,KNAFU6A24C5830115,Female,Tesla,Model S,2018,6
469,472-6999-3494,Heywood,Sissens,WAUVFAFH8DN188182,Male,Tesla,Model S,2021,2
470,391-7094-7174,Karita,Le Noury,1FTSX2A51AE051048,Polygender,Tesla,Model X,2018,4
471,600-4006-3486,Howard,Beane,KMHGH4JH1EU693739,Male,Tesla,Model S,2015,4
472,496-7777-1766,Francesco,Ouldred,5FRYD3H22EB748321,Male,Tesla,Model 3,2016,4
473,449-9753-0626,Barnabe,Goter,WAU4FBFL1CA643384,Male,Tesla,Model S,2023,5
474,458-5274-6693,Aurie,Crown,1G6KH5EY5AU871924,Female,Tesla,Model 3,2017,3
475,895-2261-8265,Boone,Bassett,5TDDK3DC2FS405607,Male,Tesla,Model X,2021,3
476,953-4484-5302,Ches,Calbreath,ZFBCFADH7FZ282193,Male,Tesla,Model X,2018,7
477,256-5942-4452,Phelia,Bugbird,WBA5A7C59FD011306,Female,Tesla,Model Y,2015,8
478,230-0103-6487,Rob,Bernardeschi,WA1BY94L87D850983,Male,Tesla,Model 3,2017,6
479,695-1648-0821,Moe,Dominec,JN8AZ1MU7DW755652,Male,Tesla,Model 3,2015,5
480,028-4935-5657,Lynnet,Cockitt,WBAUL7C5XAV896575,Agender,Tesla,Model 3,2017,3
481,161-6542-1301,Travers,Stopford,1D7RE3BK4BS489962,Male,Tesla,Model X,2018,6
482,572-2447-9877,Alan,Sillwood,2T2BK1BA6DC301491,Male,Tesla,Model S,2019,4
483,887-4004-9322,Camey,Thoresbie,WAUCFAFR8CA829207,Male,Tesla,Model S,2019,5
484,084-2121-4984,Tiphanie,Franzewitch,WAUPEBFM7CA378883,Female,Tesla,Model S,2017,1
485,156-7095-3954,Enrika,Brunnstein,3C3CFFDR0DT123950,Female,Tesla,Model X,2017,6
486,338-9814-5914,Susana,Blackway,5N1CL0MM9EC253238,Female,Tesla,Model S,2017,5
487,194-8945-8354,Hadria,Murty,SALAC2D47AA672341,Female,Tesla,Model S,2017,4
488,319-7520-8245,Damien,Cronin,3C63DRLLXCG697163,Agender,Tesla,Model 3,2020,6
489,633-2348-6063,Erena,Lukacs,5FRYD3H69FB948200,Female,Tesla,Model Y,2016,8
490,873-0869-3079,Munmro,Meese,WDBSK7AA8BF834888,Male,Tesla,Model 3,2018,3
491,340-3022-1834,Eleni,Ewles,WBAVB175X6N503146,Female,Tesla,Model S,2018,7
492,706-2506-8572,Nelle,Biskup,1N6AF0LY7FN894219,Female,Tesla,Model Y,2015,2
493,621-4971-3777,Ferrell,Brugsma,WA1CFAFP0BA565099,Male,Tesla,Model Y,2015,2
494,815-8364-5833,Lenna,Vannacci,2T3BFREV9FW963872,Female,Tesla,Model Y,2022,4
495,617-7609-3248,Charlot,Stoneman,3D73M3HL0AG025744,Female,Tesla,Model 3,2022,4
496,402-1903-5310,Nicolas,Pietrasik,WBA3K5C59EK639837,Male,Tesla,Model X,2018,5
497,067-2428-6627,Nicolais,Giocannoni,5N1AZ2MH4FN710855,Male,Tesla,Model S,2020,6
498,199-4436-1420,Stuart,Surgenor,1C4NJCBA5FD297472,Male,Tesla,Model X,2019,8
499,677-0925-8433,Broderick,Molson,KNAFU6A26A5862223,Non-binary,Tesla,Model Y,2020,3
500,381-7755-6289,Marnie,Selby,WA1LFBFP5EA950801,Female,Tesla,Model Y,2023,6
501,953-9214-4717,Angelia,Martt,1C3BCBEB2EN871289,Female,Tesla,Model X,2017,8
502,707-5062-6556,Tamar,Porteous,WAULC58E34A177723,Female,Tesla,Model X,2023,2
503,384-8375-5699,Newton,Vickars,3N1CE2CP0FL064640,Male,Tesla,Model X,2015,5
504,871-0071-8383,Lanna,Fumagallo,JM3KE2BE7D0313221,Genderqueer,Tesla,Model Y,2018,4
505,838-4616-5797,Tandie,Hardeman,WAUJF78K69N099230,Female,Tesla,Model X,2015,4
506,703-2344-9780,Den,Andreev,1FTEW1CM1DK576969,Male,Tesla,Model 3,2023,4
507,850-5505-0659,Stanleigh,Newton,WAURFAFR2CA168140,Male,Tesla,Model X,2017,4
508,720-3611-4126,Jamesy,Ceresa,KNAFU5A24D5322626,Male,Tesla,Model 3,2020,6
509,815-5191-6768,Glenn,Fehely,1C3CDZAB0DN014502,Female,Tesla,Model X,2021,3
510,146-3568-3085,Turner,Bazeley,3C3CFFARXDT798953,Male,Tesla,Model Y,2017,3
511,242-6530-3703,Orren,Ballinger,1GKKRNED9BJ416640,Male,Tesla,Model S,2019,1
512,665-7083-3106,Robinet,Bertson,JTEBU5JR6E5215394,Female,Tesla,Model S,2016,2
513,958-1870-4572,Rubi,Forrington,WBAGH03481D422465,Polygender,Tesla,Model 3,2023,7
514,577-9546-5968,Beverie,Troup,5TDBKRFH8ES309305,Female,Tesla,Model 3,2017,3
515,812-6778-4835,Darb,Peachman,JHMZF1D68ES309462,Male,Tesla,Model X,2023,5
516,350-0924-9747,Peyton,Benezet,2C3CA7CW9AH636470,Male,Tesla,Model Y,2022,5
517,700-6079-3603,Therine,Farfalameev,3GYFNBEY0AS347645,Female,Tesla,Model 3,2022,3
518,762-1830-2985,Rosabelle,Stoyles,3VWML7AJ3DM509718,Female,Tesla,Model 3,2021,4
519,447-3798-7988,Hallie,Thomazin,WBA5M4C58ED306756,Female,Tesla,Model S,2015,4
520,843-8050-0487,Garvey,Gristhwaite,1D7RW3GK9AS487628,Genderfluid,Tesla,Model X,2023,1
521,194-7023-3276,Chryste,Witard,WAUML64B62N942533,Female,Tesla,Model 3,2021,8
522,631-0281-3817,Dierdre,Jent,JTDZN3EU3EJ222264,Female,Tesla,Model Y,2020,5
523,649-1174-7121,Orran,Hartless,WBAEP33494P947033,Male,Tesla,Model 3,2015,4
524,752-0419-2304,Jeramie,Rowler,1FAHP2D87DG727505,Male,Tesla,Model X,2015,1
525,319-1333-9590,Melloney,Greenard,2G4WY55J211681622,Female,Tesla,Model Y,2015,3
526,247-3633-8913,Pattin,Hardesty,2G4G05GV8B9315808,Male,Tesla,Model S,2023,0
527,644-4566-5156,Elise,Lenihan,WBSWL93519P146627,Female,Tesla,Model S,2019,3
528,293-9803-2426,Brana,Corain,JH4CL96836C886939,Female,Tesla,Model Y,2023,5
529,366-6979-8976,Graehme,Northen,KM8JT3AF3FU266187,Male,Tesla,Model Y,2022,6
530,914-3949-2924,Kirk,Jedrzej,1G6AC5SX8E0893614,Male,Tesla,Model X,2017,3
531,100-7894-2441,Elvin,Garth,1FBNE3BL7BD187461,Male,Tesla,Model X,2016,1
532,231-6428-9534,Albertina,Rudgard,WAUBF48H98K369624,Female,Tesla,Model 3,2015,1
533,708-0281-3238,Isidora,Cregeen,JN1AJ0HP5CM506166,Female,Tesla,Model 3,2015,6
534,770-9749-9578,Lay,Hartshorn,WBA4B3C55FG323641,Male,Tesla,Model Y,2022,5
535,638-3648-7669,Danna,Poge,WAUAF98E96A408827,Female,Tesla,Model 3,2018,4
536,370-9684-6570,Adriana,Stilgoe,WVGAV7AX5FW225011,Female,Tesla,Model 3,2016,3
537,319-0272-6812,Allsun,Libby,KNADM5A39E6900666,Female,Tesla,Model Y,2021,1
538,465-0435-0032,Rowena,Burness,WAUDV94F99N918395,Female,Tesla,Model Y,2023,3
539,158-4170-1734,Olivia,McPhilip,1G4GC5ER4DF730048,Female,Tesla,Model S,2020,1
540,377-8626-3612,Keven,Munnings,JHMZF1C4XDS239090,Male,Tesla,Model 3,2018,6
541,078-4234-4353,Marcus,O'Donegan,1G6DA1ED0B0246598,Male,Tesla,Model 3,2022,5
542,589-8788-7102,Juana,MacKintosh,WA1VMAFP5FA975949,Female,Tesla,Model X,2021,2
543,743-1396-7019,Seward,Conklin,WVGEF9BP4ED577631,Polygender,Tesla,Model 3,2017,3
544,499-8157-0120,Aili,Python,YV4902DZ2D2979930,Female,Tesla,Model 3,2018,4
545,405-8934-2374,Colene,Patillo,WVWAP7AN2EE014205,Female,Tesla,Model Y,2020,5
546,175-8448-5045,Anetta,Merrett,19UUA76607A512737,Female,Tesla,Model S,2021,1
547,344-2745-2692,Diandra,Jenicke,5N1AA0NDXEN222452,Female,Tesla,Model 3,2023,4
548,426-4209-4783,Gertrudis,Woolveridge,WAU4FAFR5BA257970,Bigender,Tesla,Model S,2023,6
549,740-6628-0376,Sheela,Colecrough,5BZAF0AA7FN586508,Female,Tesla,Model 3,2022,3
550,639-8715-7940,Sergio,Braunstein,WAUAFAFL9DN955413,Male,Tesla,Model Y,2023,6
551,428-5745-9867,Goldy,Batrim,JH4NA216X4S236388,Female,Tesla,Model X,2021,5
552,411-4480-4122,Sarette,Strethill,WBA3B9G52EN166220,Female,Tesla,Model S,2016,3
553,975-4436-8688,Cristal,Demonge,WBA3B5C58DF039852,Female,Tesla,Model 3,2015,2
554,143-5158-7239,Beniamino,Breming,WBAFU9C54BC173271,Male,Tesla,Model X,2018,2
555,306-8559-4460,Stillmann,Scalia,1GKKRNED7BJ840253,Male,Tesla,Model 3,2023,4
556,077-5467-7066,Nert,Walbrook,4T1BF1FK6FU145143,Female,Tesla,Model S,2015,2
557,044-8597-8782,Ashlin,Matevosian,WAUNF78P38A364155,Agender,Tesla,Model S,2023,5
558,616-5078-9780,Dilan,Wonter,3C6TD5NT3CG800395,Male,Tesla,Model X,2021,2
559,425-2598-8794,Nonie,Trumper,3D4PG3FG0BT830647,Female,Tesla,Model S,2023,3
560,200-5079-1383,Jorgan,Leadston,WBAYA8C59ED684985,Genderqueer,Tesla,Model X,2023,5
561,856-2055-0540,Dunn,Lages,KMHHT6KD8CU518301,Male,Tesla,Model 3,2022,4
562,360-4003-2728,Maighdiln,Ager,WBADT53453C537614,Female,Tesla,Model 3,2023,5
563,240-4436-5457,Charlie,Linzey,5N1AR1NB7AC852917,Agender,Tesla,Model X,2019,6
564,175-2716-7927,Ennis,Piotr,WBABD33405P395838,Male,Tesla,Model Y,2020,3
565,885-9144-0645,Dario,Maffioletti,JN8AZ1MU9EW788315,Male,Tesla,Model X,2021,5
566,688-0873-4896,Amandy,Valek,2FMPK3J94FB042856,Female,Tesla,Model X,2018,9
567,560-4635-2608,Verla,Lorroway,SCBBR53W76C514403,Female,Tesla,Model X,2020,4
568,513-1125-1225,Reginauld,Longega,3GYT4LEF2DG329164,Male,Tesla,Model Y,2015,5
569,977-1687-8777,Yetty,Jorez,SCBDC47L39C799190,Genderqueer,Tesla,Model 3,2019,0
570,905-6701-4374,Mendy,Duddle,5TDBM5G13CS173473,Male,Tesla,Model 3,2023,7
571,303-8849-9033,Haley,McHenry,WAUXU64B43N053726,Male,Tesla,Model X,2015,7
572,411-1878-4932,Amble,Christie,1GKS1KE05CR939580,Male,Tesla,Model S,2020,5
573,411-1499-7241,Myrtie,Lamberti,3GYFNEEY3BS557949,Female,Tesla,Model Y,2016,6
574,753-6723-0377,Drud,Nials,JN8AZ2KRXAT987972,Male,Tesla,Model X,2022,5
575,673-1035-7995,Morie,Burroughes,WAUGGAFC9DN778806,Male,Tesla,Model S,2022,7
576,299-0911-9594,Teddie,Cowill,SCFAD01A96G685813,Male,Tesla,Model 3,2015,1
577,601-3131-7341,Reinhold,Mouat,2G4WD552371736155,Male,Tesla,Model Y,2020,2
578,676-1105-6429,Valaria,Blackborow,1G4CU541314915500,Female,Tesla,Model Y,2018,4
579,140-9453-1273,Ranee,Baudinelli,2HNYD18432H205213,Female,Tesla,Model 3,2019,5
580,801-5006-6211,Torrance,Raulstone,WAUKG98E86A183317,Male,Tesla,Model 3,2021,4
581,871-2176-0611,Pamela,Roffey,WDDLJ7GB0FA988285,Female,Tesla,Model 3,2016,5
582,318-0368-4490,Noemi,Berrecloth,JH4KC1F36EC491640,Female,Tesla,Model Y,2015,3
583,714-1070-1320,Ludovico,McMarquis,WDDGF4HB6DR128437,Male,Tesla,Model 3,2019,2
584,213-8720-7933,Sophia,Korneichik,5LMJJ2JT7FE635730,Female,Tesla,Model Y,2016,5
585,262-8841-8382,Garvin,Bicheno,SCFEBBCF9BG863855,Male,Tesla,Model Y,2016,1
586,422-6889-5896,Deerdre,Tarry,2HKRM3H31EH364627,Female,Tesla,Model S,2022,3
587,374-9549-7335,Randal,Byrom,1GT010CG0CF285113,Male,Tesla,Model Y,2017,5
588,178-4307-0395,Paquito,Kender,1GYUKKEF5AR741014,Male,Tesla,Model Y,2023,6
589,273-8407-4184,Ringo,Faithorn,1FTEX1C88AF319781,Male,Tesla,Model 3,2021,2
590,055-0581-4802,Bree,Sancias,WVGAV7AX3FW698776,Female,Tesla,Model X,2016,2
591,908-7809-8073,Lena,O'Gavin,WAUVFAFRXCA081584,Genderqueer,Tesla,Model X,2020,4
592,910-1094-2627,Cristina,Banton,WAUVC58E02A222171,Female,Tesla,Model X,2021,1
593,416-9532-2975,Gypsy,Linbohm,W04G15GV8B1047424,Female,Tesla,Model 3,2022,4
594,895-5842-0021,Pansy,Attrey,WAUEKBFB3AN804198,Female,Tesla,Model 3,2016,4
595,641-5794-3893,Thibaut,Spinley,5N1AZ2MH9FN781064,Male,Tesla,Model Y,2021,7
596,618-2945-8750,Ulrick,Osboldstone,KMHTC6AD0DU887926,Male,Tesla,Model Y,2023,5
597,950-1832-1764,Terrye,Brealey,3D73M4EL3BG080880,Female,Tesla,Model Y,2017,3
598,106-9323-8471,Hedvige,Rey,WAUVT58E82A616386,Female,Tesla,Model S,2021,7
599,132-1362-8470,Pernell,House,WBAUT9C53BA251478,Male,Tesla,Model S,2021,3
600,650-7575-5231,Neal,Beggio,3G5DA03E04S222534,Male,Tesla,Model 3,2022,2
601,313-7104-7415,Sallee,Digan,JM1NC2JF8C0372198,Female,Tesla,Model S,2016,5
602,157-3413-2487,Holmes,Iacovelli,WAUHE78PX9A124411,Male,Tesla,Model X,2019,6
603,711-8426-8174,Ardith,Moorrud,5LMJJ2H52EE243003,Female,Tesla,Model S,2017,3
604,545-8053-4884,Arturo,Threadgill,KL4CJASB7DB737358,Male,Tesla,Model S,2015,7
605,057-1356-5041,Aile,Banthorpe,SCFAB02E99G140075,Female,Tesla,Model Y,2021,0
606,769-6700-4843,Fletch,Birdwistle,1GYS3SKJ9FR470981,Male,Tesla,Model 3,2015,5
607,438-1969-9951,Kelcey,Batchelder,WBADS43413G895962,Female,Tesla,Model 3,2018,2
608,813-0261-4922,Chrotoem,Peyton,1G6AL5S37E0374311,Male,Tesla,Model S,2016,4
609,718-3327-2872,Maxy,Fiddeman,5TDDK3DC9ES104654,Male,Tesla,Model Y,2023,2
610,175-6204-0855,Eberto,Domoney,WAUVT58E14A597201,Male,Tesla,Model 3,2020,5
611,048-7480-7042,Mallory,Swiggs,WP0CA2A88BU645677,Male,Tesla,Model X,2021,7
612,802-4637-2936,Adele,Mateja,WAUNF98P98A473974,Agender,Tesla,Model Y,2019,4
613,127-5898-1774,Alick,Paudin,3VWPG3AG4AM526022,Male,Tesla,Model X,2021,5
614,249-8490-7143,Domingo,Atteridge,5N1AR1NBXBC094265,Male,Tesla,Model 3,2021,1
615,237-2046-3856,Elihu,Hartegan,WVWGD7AJ4EW219891,Male,Tesla,Model S,2016,4
616,669-9534-9724,Fred,Kidgell,1G6DE1E30E0859322,Female,Tesla,Model S,2015,5
617,835-4055-5852,Rodie,Allsepp,1G6KF54955U124104,Non-binary,Tesla,Model X,2017,5
618,481-4958-4802,Sterne,Karpushkin,1GT02ZCG9EF239879,Male,Tesla,Model S,2016,2
619,543-2258-6562,Shalom,Sutworth,1G6KD5E69BU887913,Male,Tesla,Model S,2017,2
620,847-4464-3129,Ade,Rennicks,1FBNE3BL4BD716011,Male,Tesla,Model Y,2023,5
621,793-4313-7158,Jenilee,Burk,WAUVC68E63A542425,Female,Tesla,Model Y,2017,2
622,762-3856-8739,Walliw,Matley,WUAW2BFC5EN749505,Female,Tesla,Model S,2017,4
623,411-6317-5403,Madison,Angrock,JN8AZ2KR3BT335373,Male,Tesla,Model X,2016,1
624,616-4660-4199,Brandea,Sign,WAUBF98E18A379346,Female,Tesla,Model 3,2021,7
625,736-7957-4461,Orsola,Tweedle,5UXWX9C57DL160218,Female,Tesla,Model X,2022,6
626,563-0372-7514,Crysta,Corns,1FTEX1C85AK755592,Non-binary,Tesla,Model S,2016,4
627,161-7863-2303,Sandy,Tytterton,5UXFB53525L392752,Male,Tesla,Model S,2020,3
628,501-6803-5324,Ursuline,Sallings,JN8CS1MU9DM964383,Female,Tesla,Model S,2015,5
629,360-1433-2456,Abbe,Quinnet,19VDE1F59EE636208,Male,Tesla,Model X,2015,3
630,615-0391-6052,Burl,Abrahamsen,SAJWA4FB0EL285944,Male,Tesla,Model X,2015,2
631,025-9308-9109,Lemmie,Briat,1GD312CG2BF885182,Bigender,Tesla,Model S,2023,4
632,859-5616-2717,Revkah,Barrowcliffe,WBAUN13519V426096,Female,Tesla,Model Y,2017,4
633,619-6728-6919,Tara,Lindop,WAUDN94F88N103684,Female,Tesla,Model X,2016,4
634,316-7916-6925,Newton,Gaywood,WAUPN44EX7N930365,Male,Tesla,Model X,2015,5
635,838-9541-6139,Evy,Godard,KNAFT4A22D5655677,Female,Tesla,Model X,2016,4
636,275-9702-3948,Bary,O'Gormley,WA1LGAFE3CD381478,Male,Tesla,Model S,2021,2
637,661-5434-9443,Hanson,Szepe,1G6AA5RA6F0465940,Male,Tesla,Model 3,2015,4
638,910-2859-1231,Daisy,Kettleson,WAUBF98E38A636314,Female,Tesla,Model 3,2019,1
639,140-3324-7149,Ragnar,Grindlay,1FTWX3A5XAE420707,Male,Tesla,Model 3,2021,4
640,393-3123-9775,Wells,Pennycook,4USBT33413L044294,Male,Tesla,Model X,2018,8
641,493-2128-9447,Hartwell,Stott,1G4GH5E30CF731306,Male,Tesla,Model 3,2021,2
642,850-3981-7544,Erv,Aristide,YV4902BZ2D1811407,Male,Tesla,Model S,2020,5
643,551-8661-6858,Eachelle,Stirrip,5XYKT3A17DG959663,Female,Tesla,Model X,2022,6
644,223-7483-8453,Stu,Gatiss,4USFE83547L098650,Male,Tesla,Model Y,2017,1
645,352-3918-0914,Doe,Bancroft,1N4AB7AP9DN641455,Female,Tesla,Model X,2015,7
646,418-9062-7433,Scott,Alldread,WAUBFAFL6BN316147,Male,Tesla,Model 3,2016,3
647,387-4015-1046,Caddric,Canadas,19UUA9F23AA451352,Male,Tesla,Model Y,2016,2
648,266-6350-0320,Noelani,Subhan,19UUA8F75DA417908,Female,Tesla,Model S,2019,4
649,915-0812-7303,Tito,Death,3GYEK63N93G992854,Male,Tesla,Model X,2022,3
650,674-7783-5658,Tammie,Fritzer,1GKS1AE03BR640338,Female,Tesla,Model Y,2023,4
651,996-3481-1862,Belia,McLafferty,1G6AE1R38F0407052,Female,Tesla,Model S,2019,5
652,178-4381-5780,Malvina,Andrin,WAUFFAFLXAN650732,Female,Tesla,Model X,2017,9
653,198-1027-1688,Joy,Spain,SAJWA4HA5EM370292,Female,Tesla,Model Y,2015,7
654,779-4533-9359,Carmine,Slocomb,5GAEV23D29J809784,Male,Tesla,Model S,2017,6
655,115-7643-4013,Elijah,Freeborn,1C4AJWAG6FL331933,Male,Tesla,Model S,2021,2
656,802-0938-1380,Cullen,Gorwood,WBAGN63534D844376,Male,Tesla,Model Y,2022,3
657,756-3513-5179,Sarita,Grishkov,1VWAH7A34CC844508,Female,Tesla,Model Y,2022,5
658,579-8706-4117,Samson,Jolliss,KMHHT6KD0AU311043,Male,Tesla,Model 3,2022,7
659,721-6570-9760,Augusta,Winny,WAUDF98E68A038825,Female,Tesla,Model 3,2015,5
660,984-9774-4813,Lyn,Dyte,WAULD54B53N297863,Male,Tesla,Model X,2023,7
661,871-3794-9563,Kit,Baumer,1GYS4CEF6BR932398,Female,Tesla,Model Y,2022,4
662,256-9600-0685,Stefania,Stears,KNDJT2A58C7955514,Female,Tesla,Model Y,2016,5
663,247-6092-6138,Ali,Mattin,WAUKF68E15A754758,Male,Tesla,Model Y,2022,7
664,822-2016-5785,Skyler,Skillanders,WBALM53569E172441,Male,Tesla,Model X,2018,0
665,495-5210-4649,Babbette,Tomblin,WA1CGBFE9ED248958,Female,Tesla,Model X,2015,4
666,246-2932-9820,Mirabel,Galbraith,WAUFFBFL3AN835890,Female,Tesla,Model Y,2016,5
667,638-1821-4538,Otho,Bilofsky,SCFAB05DX9G347464,Male,Tesla,Model Y,2019,3
668,529-1262-7339,Sebastian,Lathwood,WVWGU7AN2CE306663,Male,Tesla,Model S,2023,7
669,312-5338-2671,Bryanty,Chaim,1G6KH5E66BU445935,Male,Tesla,Model 3,2019,10
670,255-4420-7063,Leonid,Faivre,WBAWL13549P982017,Male,Tesla,Model X,2020,4
671,973-2899-1635,Wilek,Scheu,3C63D3FL2CG965213,Male,Tesla,Model S,2017,4
672,505-4992-4542,Brooks,Paradyce,WAUHMAFC0EN959680,Female,Tesla,Model S,2020,0
673,480-1887-0670,Karlik,Keenlayside,WBA3B3C59EJ194381,Male,Tesla,Model Y,2020,4
674,678-1042-7343,Allie,Iley,1FTSW3A56AE891786,Male,Tesla,Model 3,2020,6
675,698-8677-8627,Gert,Touhig,2T2BK1BA3EC772726,Female,Tesla,Model S,2016,6
676,950-7091-3943,Lorenzo,Huzzey,WAUHE78P99A264711,Male,Tesla,Model 3,2018,3
677,037-3531-2651,Kane,Yanyshev,JN1CV6EK8DM891894,Male,Tesla,Model X,2021,2
678,486-8699-6601,Doti,Chessor,JN1AZ4EH7CM381846,Female,Tesla,Model S,2016,3
679,779-8867-9178,Carny,Laux,1G6DE8EG6A0445421,Bigender,Tesla,Model X,2021,2
680,952-3617-8066,Ana,Mulloch,2G4GR5GX5E9190889,Female,Tesla,Model Y,2019,1
681,728-0227-3112,Marsiella,Nurdin,JHMZE2H51DS426731,Female,Tesla,Model Y,2020,1
682,369-1250-3757,Abner,Islep,1G6AB5S38F0973965,Male,Tesla,Model 3,2016,4
683,680-5885-8799,Moe,Jaouen,WBALZ3C53CD765368,Male,Tesla,Model 3,2018,2
684,114-5899-4783,Valdemar,Ofield,WVWED7AJ4BW684495,Male,Tesla,Model 3,2015,2
685,166-1871-9621,Carissa,Ealden,1G6KY54983U960741,Female,Tesla,Model X,2020,3
686,285-1141-8505,Barbara,Mendonca,WBA5M2C58ED975517,Female,Tesla,Model 3,2021,5
687,657-6374-8652,Augy,Cockling,19VDE1F72DE461946,Male,Tesla,Model Y,2022,7
688,427-9209-3299,Humfrey,Kivlehan,KL4CJFSB9DB851813,Male,Tesla,Model S,2021,3
689,355-4567-9328,Romonda,Stienton,3VWAL7AJ1AM731690,Female,Tesla,Model 3,2018,3
690,669-5423-6736,Ivy,Winterson,JN8AZ2KR2AT247574,Non-binary,Tesla,Model S,2015,4
691,679-5372-6377,Lorant,Christophers,1FMJK1H50CE433872,Male,Tesla,Model Y,2018,5
692,559-2493-0449,Alisha,MacKartan,1N6AA0CC2AN317058,Female,Tesla,Model S,2023,3
693,682-1482-3034,Desmond,Markussen,2C3CA2CV0AH076249,Male,Tesla,Model Y,2021,5
694,922-2328-2813,Godfry,Quaife,WBAVB735X8K332010,Male,Tesla,Model S,2023,2
695,670-0396-3848,Ernst,Harbin,5N1AR2MM5EC415528,Male,Tesla,Model X,2019,6
696,834-8951-2619,Bendicty,O'Neary,1G6AB5R32F0967469,Male,Tesla,Model S,2023,2
697,153-5106-1681,Natal,Dyers,WBAVD53588A198554,Male,Tesla,Model X,2019,5
698,119-1981-9063,Paxton,Dibb,1G6DC67AX80463028,Male,Tesla,Model Y,2021,1
699,713-5828-9809,Adelle,Jurzyk,YV426MDBXF2019644,Female,Tesla,Model Y,2020,3
700,186-1375-1770,Chloe,Double,JN8AZ1FY6EW523223,Female,Tesla,Model Y,2023,3
701,018-4530-1163,Mile,Rosenblum,WA1LMBFE5AD387083,Agender,Tesla,Model S,2019,6
702,805-0924-5633,Tremain,Saylor,WAUFFBFL5DN749999,Male,Tesla,Model S,2022,4
703,319-5493-4433,Kaylyn,Danbye,WVGAV7AX5FW546871,Female,Tesla,Model 3,2022,6
704,263-5697-2136,Brannon,Twallin,2G4WC582971698879,Male,Tesla,Model 3,2022,3
705,712-0938-1176,Sibel,Grimmett,WAUPL68E34A836732,Female,Tesla,Model Y,2015,2
706,374-1839-5757,Olive,Masic,WAUGFAFR1AA395940,Female,Tesla,Model X,2015,0
707,636-0271-6790,Joy,Wiszniewski,JH4CW2H61EC200180,Female,Tesla,Model Y,2023,4
708,176-2426-5056,Sim,Standingford,1G4HP52K95U774625,Male,Tesla,Model Y,2018,6
709,357-6375-8224,Sandor,Scrinage,WBA6B8C53FD764238,Male,Tesla,Model X,2019,4
710,939-4424-4569,Kamilah,Burrass,3FAHP0KC1AR570411,Female,Tesla,Model 3,2023,3
711,171-6290-1318,Sidnee,M'Barron,5FRYD4H95GB571317,Male,Tesla,Model Y,2020,5
712,883-4293-1129,Liam,Tattersill,1G6DV1EP0E0183926,Male,Tesla,Model S,2015,4
713,956-8926-3757,Cam,Kesper,WA1LGAFEXED215834,Male,Tesla,Model 3,2017,5
714,891-1843-7111,Dyan,Maskill,4USBT33494L800472,Female,Tesla,Model X,2015,6
715,569-8391-1325,Ted,Gisburn,JHMZE2H31DS193898,Female,Tesla,Model Y,2016,5
716,090-6928-1515,Darrelle,Garey,WAUWKAFR5AA151750,Female,Tesla,Model 3,2015,3
717,162-7827-1260,Jean,Chilcott,WBAUP9C57BV325577,Female,Tesla,Model X,2020,7
718,162-6062-9687,Mag,Simner,WBAGN83484D386739,Female,Tesla,Model S,2021,2
719,543-9063-1944,Selig,Elsdon,3MZBM1U73EM179601,Male,Tesla,Model S,2021,5
720,380-7066-8337,Fabe,Nichols,2T1BU4EE1DC964174,Male,Tesla,Model S,2020,3
721,298-8428-0641,Bernelle,Archard,WBANE73507C198804,Female,Tesla,Model Y,2022,4
722,587-4704-0246,Brietta,O'Dooghaine,3VWJP7AT2CM965930,Female,Tesla,Model X,2016,3
723,711-7053-5327,Gusti,Saveall,SCBZK25E03C984502,Female,Tesla,Model 3,2019,1
724,333-5991-5181,Ophelie,Digger,WUADUAFG9BN359887,Female,Tesla,Model 3,2021,3
725,427-8448-1954,Raleigh,Death,5FRYD4H29FB938334,Male,Tesla,Model X,2015,6
726,494-8391-0734,Herculie,Ballentime,SAJWA2EK0EM531312,Male,Tesla,Model S,2019,3
727,609-6734-9281,Phillipp,Whitelaw,3N1CN7AP6EK643538,Male,Tesla,Model 3,2015,4
728,669-3750-1285,Gussie,Norridge,WAUDG58E45A243092,Female,Tesla,Model S,2017,6
729,341-2302-2255,Lefty,Sibbit,WAUR2AFD0EN826047,Male,Tesla,Model 3,2016,5
730,814-8870-2353,Ethelbert,Groves,1G6KD57Y79U037710,Male,Tesla,Model 3,2023,0
731,906-1122-0759,Alick,Marcinkowski,5TDBW5G12AS519035,Male,Tesla,Model X,2022,8
732,463-0971-3028,Mavra,Ervine,WAUUL98E06A579276,Female,Tesla,Model Y,2022,7
733,578-3809-6737,Billye,Farloe,JH4CU4F61CC296586,Bigender,Tesla,Model S,2022,5
734,684-4443-2995,Yehudit,Longea,3GYFNFE38ES275465,Non-binary,Tesla,Model Y,2023,5
735,029-5217-9996,Carlin,Garshore,WVWAN7AN6DE736930,Male,Tesla,Model 3,2018,4
736,978-3477-1375,Catherin,Lamden,1C4RDJAGXFC868088,Female,Tesla,Model S,2021,6
737,212-6590-2568,Iormina,Doggett,1G4GJ5G3XDF101103,Female,Tesla,Model Y,2023,5
738,540-0136-8216,Torrin,Keogh,1FTEX1CM2BK577252,Male,Tesla,Model S,2016,9
739,953-7501-2011,Merill,Parrett,JN8AS5MT9CW232733,Male,Tesla,Model S,2018,5
740,034-4947-3199,Jedediah,Punter,WBADT53421C552391,Genderfluid,Tesla,Model Y,2021,6
741,151-0725-3959,Veradis,Risebrow,JHMZF1C69DS277072,Female,Tesla,Model 3,2021,2
742,226-1304-3283,Zacharie,Jenks,2HNYD18242H904865,Male,Tesla,Model Y,2016,6
743,194-9269-3135,Jilli,Matias,1N6AA0EC2DN495196,Female,Tesla,Model S,2022,3
744,607-2584-6130,Amalea,Liston,5GADV23107D405587,Female,Tesla,Model S,2020,1
745,436-3222-7307,Markus,McLemon,KMHHT6KD2DU590760,Male,Tesla,Model X,2021,2
746,910-6894-6616,Norrie,Rospars,3VWML7AJ2DM617019,Male,Tesla,Model X,2018,6
747,045-5200-2081,Obidiah,Ubsdell,1ZVBP8JS2A5182255,Male,Tesla,Model 3,2016,3
748,063-5223-5452,Marie-jeanne,Charon,WAUHF98P99A594695,Female,Tesla,Model 3,2022,5
749,259-4983-3516,Karil,Kelling,1N4AL2AP4AC207211,Female,Tesla,Model X,2021,4
750,956-7495-3247,Adelheid,Malyon,WAUKH74F26N666696,Female,Tesla,Model 3,2020,2
751,018-9043-2749,Fairleigh,Ghidini,4A31K2DF0BE273631,Male,Tesla,Model X,2018,6
752,270-2167-3098,Stefania,Kasting,2FMGK5B80EB113485,Female,Tesla,Model X,2021,3
753,786-3935-1896,Abbe,Challiss,WAUNF98P97A068101,Male,Tesla,Model Y,2016,3
754,221-7930-2003,Tobie,Piwall,19XFB2E29CE551288,Male,Tesla,Model S,2020,1
755,555-6053-3700,Desmund,Benet,SCBGC3ZAXEC711667,Male,Tesla,Model S,2018,5
756,183-9131-0835,Taryn,Casaro,3MZBM1K71EM271292,Female,Tesla,Model X,2023,8
757,291-6062-4022,Abagail,Rands,2T2BK1BA2AC823305,Female,Tesla,Model X,2018,3
758,306-5625-9768,Gardiner,Cesco,3N1CE2CP3FL961063,Male,Tesla,Model 3,2019,1
759,654-6983-7100,Grazia,Flawn,2G4GR5GX5F9628831,Bigender,Tesla,Model 3,2015,5
760,124-4390-5653,Astrid,Angel,WAUHFAFL9BA927341,Female,Tesla,Model 3,2023,2
761,969-6091-1775,Shaw,Sparshatt,WBA3V5C54EP613561,Male,Tesla,Model Y,2017,3
762,016-2106-8268,Rockey,Langmaid,1FTEW1CM5CF551838,Male,Tesla,Model 3,2021,3
763,226-6204-5234,Feliks,Melby,1GKKRNED7BJ108723,Male,Tesla,Model S,2017,5
764,431-7277-6502,Avrom,Perche,1C4SDJCT2DC676298,Male,Tesla,Model X,2015,4
765,730-7381-0311,Camille,Dwight,WBANN73587B385410,Female,Tesla,Model Y,2022,4
766,420-2796-5874,Maighdiln,Kenafaque,1G6DA5EY3B0642051,Female,Tesla,Model X,2018,4
767,877-2792-0102,Eada,Soppit,WAUAF98E55A075685,Female,Tesla,Model Y,2020,6
768,361-9483-8874,Julita,Carvill,WBA3N5C50EK684124,Female,Tesla,Model X,2015,7
769,964-6000-3492,Stacee,Liggens,WBAEK13496C539497,Male,Tesla,Model Y,2017,5
770,187-0069-0208,Spike,Manvelle,2T2BK1BA0EC715819,Male,Tesla,Model X,2018,6
771,755-0868-2806,Avram,Gerritzen,KNAGM4AD8D5847253,Male,Tesla,Model Y,2022,3
772,103-0590-6904,Winston,Petrosian,1GTPCTEXXAZ647919,Male,Tesla,Model S,2017,2
773,239-9920-8276,Eberto,Gianelli,WDCGG5GB3AF641067,Male,Tesla,Model X,2017,4
774,418-6581-9100,Bambie,Spiby,NM0KS9AN6AT550365,Female,Tesla,Model X,2020,4
775,512-0352-9098,Ardenia,Rosier,NM0AS8F79E1543539,Female,Tesla,Model 3,2020,4
776,272-3614-8818,Cornell,Petrillo,JTHBK1GG2D2866030,Male,Tesla,Model X,2016,6
777,746-5768-5895,Thalia,Heare,WBABN73493P983285,Female,Tesla,Model X,2020,7
778,600-0891-6116,Val,Worge,WAUEFAFL9EN078540,Male,Tesla,Model Y,2022,5
779,448-6270-8245,Chuck,Saipy,WAUMFAFL8BN327496,Male,Tesla,Model X,2023,4
780,977-0693-3439,Tito,Elsworth,5UXXW3C52F0264026,Male,Tesla,Model 3,2022,4
781,105-5547-2518,Teriann,Whyborn,JN8AE2KP3D9717414,Genderfluid,Tesla,Model Y,2023,10
782,534-2945-2574,Lindsay,Velte,19VDE2E54DE806853,Female,Tesla,Model S,2015,3
783,927-4036-3404,Garry,Hartzog,1G6DS1ED6B0025245,Male,Tesla,Model Y,2019,4
784,269-5532-7969,Janeva,Kall,1J4NF1FBXAD462251,Female,Tesla,Model X,2015,2
785,384-5546-7436,Griz,Louder,1D7RB1CT0AS729835,Male,Tesla,Model Y,2023,5
786,493-3226-9194,Cornie,Vasilyev,3FADP0L33CR379590,Female,Tesla,Model S,2021,3
787,440-6876-3740,Thurston,Benesevich,5TDBY5G16DS500678,Male,Tesla,Model Y,2015,4
788,961-4737-9311,Abie,Dalgarnocht,JH4CL96865C446700,Non-binary,Tesla,Model S,2022,4
789,412-7127-5316,Weston,Dyne,WBAWR33567P695642,Male,Tesla,Model 3,2020,3
790,545-0199-2885,Alfy,Oller,WP1AA2AP1AL175670,Female,Tesla,Model Y,2022,4
791,643-2646-4539,Kamilah,Sandford,1G4GC5G33FF124218,Female,Tesla,Model Y,2019,5
792,991-2553-6084,Dot,Coopey,JTHBW1GG5E2592165,Female,Tesla,Model S,2018,1
793,167-6083-5494,Melantha,Alelsandrowicz,SCFAB22372K181401,Female,Tesla,Model S,2019,5
794,257-7313-5957,Angelica,Ricketts,WAUXL58E24A142544,Polygender,Tesla,Model S,2018,4
795,977-9824-8476,Marlow,Bourgaize,WAULC58E93A883190,Male,Tesla,Model S,2018,3
796,643-7682-9596,Jessey,Wrixon,2HKRM3H37DH284571,Male,Tesla,Model X,2023,6
797,411-9724-1673,Jeremy,Millington,5UXZW0C59D0430501,Male,Tesla,Model Y,2015,6
798,450-5093-0057,Yasmin,Bamford,1D7RB1GP1AS579117,Female,Tesla,Model X,2021,5
799,641-1507-0420,Parke,Vowdon,1FTMF1E86AF606483,Male,Tesla,Model S,2020,2
800,492-6217-8888,Roddie,Lecointe,WAUHMBFC4EN513070,Male,Tesla,Model 3,2016,3
801,233-0116-2318,Athena,Sainte Paul,ZFBCFAAH8EZ181134,Female,Tesla,Model S,2016,4
802,590-5607-9293,Esther,Pevreal,4A4JM2AS3BE682553,Female,Tesla,Model S,2018,3
803,693-9039-7821,Liuka,Le Gassick,1FMJK1F58BE864218,Female,Tesla,Model S,2017,4
804,888-9194-8481,Kimball,McPhelimy,WAUPEAFM8AA725001,Male,Tesla,Model S,2023,3
805,786-1961-8761,Aubrie,Burgen,3FA6P0PU5ER126494,Female,Tesla,Model S,2022,3
806,031-0394-5516,Tyrone,Lindenblatt,KMHCT4AE6DU594903,Male,Tesla,Model X,2020,1
807,621-7301-1118,Gretal,Ruslen,KNADH4A33B6123234,Female,Tesla,Model X,2016,7
808,841-6448-3939,Jaclyn,Ivushkin,1G4HF57909U211557,Female,Tesla,Model X,2018,3
809,257-5539-0237,Korey,Oxtoby,1GTPCTEX5AZ429483,Male,Tesla,Model S,2022,2
810,479-0188-7111,Theodora,Mecozzi,WDDLJ7DBXEA507560,Female,Tesla,Model S,2020,2
811,926-4224-7804,Scott,Drennan,19UUA66216A172584,Male,Tesla,Model S,2019,2
812,709-7399-2709,Alanah,Sarney,4T1BK1EB0EU257335,Female,Tesla,Model X,2021,5
813,624-1361-7003,Rudolph,Manchett,WAUKH78E57A669957,Male,Tesla,Model S,2020,5
814,759-7083-5429,Shauna,Labell,19UUA56852A470175,Female,Tesla,Model Y,2016,6
815,735-2415-3095,Stacia,Giuron,1FTFW1E8XAK332737,Female,Tesla,Model X,2022,3
816,801-7318-8592,Maddi,Drohane,WAUKF98E17A432299,Genderfluid,Tesla,Model S,2021,5
817,000-4954-6657,Agna,Kalaher,1FTSW3A57AE243275,Female,Tesla,Model 3,2018,6
818,339-9922-9192,Sunny,Szymczyk,WAUJC68E13A234528,Male,Tesla,Model S,2021,4
819,040-3022-4107,Cal,Vallender,3GYFNEEY2AS633160,Female,Tesla,Model S,2022,4
820,000-6359-9965,Kerrie,Nelissen,WAUPL68E54A256205,Female,Tesla,Model Y,2022,7
821,573-4378-1640,Berna,Gunney,5GAKVDEDXCJ542560,Female,Tesla,Model Y,2021,5
822,324-1094-9885,Karita,Reichardt,5NPEB4ACXBH607982,Female,Tesla,Model X,2023,3
823,094-8014-9366,Fabe,Clavey,WBSDE93493C373359,Male,Tesla,Model X,2023,0
824,135-4654-1345,Cassie,Stedson,4A31K5DF8BE574536,Female,Tesla,Model Y,2021,3
825,623-6872-5746,Erik,Wardington,1G6AC1RXXF0386990,Male,Tesla,Model Y,2022,5
826,247-6822-5499,Rab,Scroggie,JTDZN3EUXEJ689942,Male,Tesla,Model S,2020,5
827,618-4940-3527,Avery,Oxnam,1G6AM5S39D0567376,Male,Tesla,Model S,2023,5
828,797-2435-8413,Law,Duplain,1G6AB5SA5F0187863,Male,Tesla,Model X,2016,3
829,484-5712-2620,Johan,Sturte,WAUAF78E97A764880,Male,Tesla,Model S,2023,4
830,013-4520-1939,Isahella,Hurlin,1FMCU9D75AK101501,Female,Tesla,Model Y,2022,4
831,358-7428-6026,Russ,Hollingshead,WVWED7AJ6CW967451,Male,Tesla,Model X,2023,4
832,694-4806-9652,Kaia,Pinney,JHMFA3F26BS712035,Female,Tesla,Model S,2022,4
833,862-1780-1704,Elihu,Spiers,3D73Y3HL3BG192038,Male,Tesla,Model S,2021,6
834,080-8972-6984,August,Broadhurst,1N6AF0LYXFN590821,Male,Tesla,Model S,2020,7
835,241-9589-6708,Bunnie,Pidgin,WUAW2BFC0FN637423,Female,Tesla,Model X,2018,6
836,271-7967-5573,Roshelle,Bessett,KMHD35LH0FU494462,Genderfluid,Tesla,Model X,2018,6
837,562-8620-5474,Ashla,Carneck,WAURD68D12A842507,Female,Tesla,Model Y,2016,4
838,721-0258-6658,Clarke,Jeffrey,WBAPL3C5XAA249929,Male,Tesla,Model X,2022,6
839,375-7268-9833,Buddie,Tacker,JN8AZ2KR2AT124714,Male,Tesla,Model X,2018,5
840,113-6352-4203,Lazar,Bessell,JN1AZ4EHXDM342945,Male,Tesla,Model S,2019,6
841,528-7679-8818,Hastings,Craven,WBANB33554B094912,Male,Tesla,Model X,2018,5
842,180-9821-5193,Caron,Tooze,3C4PDDDG9FT882668,Female,Tesla,Model 3,2019,2
843,377-0800-6412,Drusy,Gegay,3FAHP0GA6AR928156,Female,Tesla,Model 3,2022,6
844,445-5556-9022,Maressa,Upjohn,1GT01ZCG4CF973023,Female,Tesla,Model Y,2018,1
845,453-2960-3197,Aron,Neljes,1FTMF1CW0AK630867,Male,Tesla,Model 3,2017,4
846,425-0834-9141,Danila,Croser,1G6DH577490643428,Female,Tesla,Model Y,2022,3
847,772-6336-7261,Olimpia,Balderson,5TFCY5F1XBX113368,Genderqueer,Tesla,Model 3,2021,3
848,691-9566-1446,Malory,Sudworth,2G61M5S34E9937480,Female,Tesla,Model Y,2023,1
849,698-0097-9664,Bartel,Tracey,SCBCU8ZA1AC583970,Male,Tesla,Model X,2020,2
850,814-8869-7738,Bert,Siseland,WAUGU44D63N542425,Male,Tesla,Model S,2015,2
851,391-3546-0890,Murvyn,Shilburne,1N4AB7AP8EN519848,Male,Tesla,Model 3,2022,4
852,666-7756-0318,Brewster,Durtnel,WBAUN13529V690590,Male,Tesla,Model S,2023,5
853,442-8112-8790,Conny,Greenhough,3VW217AU9FM500595,Genderqueer,Tesla,Model 3,2023,6
854,741-6630-3332,Kara,Ames,WAUKF98E78A089953,Genderqueer,Tesla,Model Y,2019,6
855,414-6188-5428,Carola,Cheesley,1B3CB5HA4BD179139,Genderqueer,Tesla,Model 3,2022,3
856,541-1143-0670,Leila,Guierre,1ZVBP8JS6B5961174,Female,Tesla,Model Y,2021,2
857,844-5419-9563,Sharity,Graeber,WAUCFAFH7BN572748,Female,Tesla,Model S,2022,7
858,755-9829-7842,Mab,Swinfon,2G4WB55K611932992,Female,Tesla,Model 3,2016,5
859,285-6307-9115,Ogdon,Tousy,1GYS3EEJ6CR126579,Male,Tesla,Model X,2023,2
860,419-3314-5522,Franklyn,Petrushkevich,2HNYD28248H541479,Male,Tesla,Model X,2022,4
861,213-1663-7310,Sharline,Grisenthwaite,WDDGF4HB0DG168489,Female,Tesla,Model 3,2023,6
862,998-2217-3212,Garry,Twidell,KMHFH4JG2FA790650,Male,Tesla,Model 3,2023,1
863,937-2160-3708,Meir,Yitzovitz,WAUDL64F65N831276,Male,Tesla,Model S,2018,3
864,226-6127-8064,Francine,Commins,1G4GG5E33DF899154,Female,Tesla,Model Y,2018,3
865,731-7169-0052,Paolo,Han,WBA3A5C5XEF235389,Male,Tesla,Model S,2018,3
866,162-3321-1964,Nerti,Squeers,WA1CKAFP3AA618095,Female,Tesla,Model X,2023,5
867,575-9595-6056,Sara-ann,Razoux,JTEBU4BF5CK996521,Female,Tesla,Model Y,2021,4
868,417-2843-9473,Babita,Aizikovich,1N4AL3APXDC359701,Female,Tesla,Model X,2015,0
869,541-6023-6496,Nowell,Hurd,WAUUL98E77A801474,Male,Tesla,Model Y,2022,5
870,398-5319-7841,Celeste,Boxhall,3D73Y4CL6BG333813,Polygender,Tesla,Model S,2015,6
871,509-0466-7020,Giavani,Baitey,WAUBH78E46A296571,Male,Tesla,Model S,2022,5
872,051-3792-8074,Nickolai,Websdale,3N1CE2CP7EL843032,Male,Tesla,Model Y,2021,5
873,017-9338-8051,Bearnard,Plitz,JN1CV6AP7BM399081,Male,Tesla,Model S,2021,3
874,785-6809-2520,Joly,Hulatt,3D7TT2HT3AG460979,Female,Tesla,Model X,2019,4
875,430-4507-4428,Lora,Osment,JH4CW2H62DC105741,Female,Tesla,Model S,2015,1
876,443-5302-1643,Zelma,Boxhill,2T1BU4EE5BC452530,Female,Tesla,Model S,2020,0
877,370-0674-8796,Anne,O' Hern,JTJBM7FXXB5453619,Female,Tesla,Model Y,2015,4
878,240-0339-3362,Richmond,Bubeer,WBA3V5C56FP624921,Male,Tesla,Model X,2022,5
879,897-1510-7228,Ettore,O'Longain,KNADH4A32B6877659,Male,Tesla,Model 3,2021,2
880,988-9599-6003,Ree,Cutforth,SCBDR3ZA3BC713368,Female,Tesla,Model Y,2022,3
881,626-3106-1775,Marice,Dowley,3N1CE2CP2FL612833,Female,Tesla,Model X,2019,6
882,424-3716-0828,Cordie,Valerio,NM0KS9BN0CT404996,Male,Tesla,Model Y,2017,1
883,337-6840-5504,Ariana,Anfossi,WAUUL78E37A789974,Female,Tesla,Model X,2023,5
884,758-8070-7174,Dorree,Arnull,WBSDX9C53CE599369,Female,Tesla,Model 3,2019,6
885,188-9455-0037,Ophelia,Margrie,WBA3X5C50ED026219,Female,Tesla,Model Y,2019,2
886,052-6704-3335,Broderic,Dibley,1FTMF1CW5AK064673,Male,Tesla,Model S,2017,3
887,360-6700-7717,Meara,Billitteri,JN1CV6EK7DM614458,Female,Tesla,Model 3,2020,5
888,597-4356-3012,Kaleena,Hevner,1G6KD57YX9U154522,Female,Tesla,Model S,2018,5
889,945-6449-3314,Manolo,Mathias,WA1DGAFE3DD446822,Male,Tesla,Model Y,2018,3
890,183-8192-9793,Cull,Ferries,4JGDF2EE1EA180666,Male,Tesla,Model X,2017,5
891,895-0722-1885,Niki,Feldmus,1G6AE5S36D0787426,Female,Tesla,Model X,2023,4
892,285-9500-6251,Sande,Reye,2B3CA3CV5AH167813,Female,Tesla,Model S,2020,2
893,099-9983-8655,Imogene,Such,SCBDC47L79C954288,Genderqueer,Tesla,Model Y,2020,4
894,199-5351-1750,Allyn,Kampshell,1GD120EG8BF778725,Female,Tesla,Model 3,2016,5
895,436-5523-9947,Mahmud,Pickrill,WBAEH73425B941187,Male,Tesla,Model X,2018,2
896,619-7088-2178,Ty,Arnolds,WBAKP9C57FD539620,Male,Tesla,Model X,2016,5
897,069-2860-3791,Forest,Bergstram,WBAGN83443D492801,Male,Tesla,Model X,2017,5
898,799-3960-2091,Carlie,Banasik,5NPDH4AE4CH182143,Genderfluid,Tesla,Model X,2019,5
899,017-9492-3508,Daryle,Pinn,WVWED7AJ9AW102230,Male,Tesla,Model 3,2016,5
900,529-9272-5563,Leora,Shelliday,1C4NJPBA3DD613245,Female,Tesla,Model 3,2019,6
901,814-3542-2825,Gillie,Korda,3C63DRGL4CG584884,Female,Tesla,Model 3,2021,3
902,176-3960-4946,Susann,MacMenamy,1GKUCFDJXAR580406,Female,Tesla,Model 3,2018,4
903,657-9209-9831,Nolly,Godsafe,JM1NC2EF4A0457384,Male,Tesla,Model 3,2015,5
904,778-1085-5324,Lyle,Heard,3D4PG9FG0BT476910,Male,Tesla,Model X,2020,7
905,186-9797-5537,Kevin,Danforth,19XFA1F36AE292082,Male,Tesla,Model Y,2017,2
906,755-3118-8368,Ruprecht,Hedau,WAUKH98EX7A201511,Male,Tesla,Model Y,2023,1
907,165-4519-5618,Esteban,Jacobovitz,WAUCFAFC4DN187266,Male,Tesla,Model S,2017,6
908,787-2160-2972,Elmira,Huc,1G6AY5S3XF0741737,Agender,Tesla,Model Y,2016,1
909,817-3601-2625,Arlinda,Suthren,SCBBB7ZHXCC199956,Non-binary,Tesla,Model X,2020,1
910,655-5982-9044,Stinky,Robotham,TRUUT28N241230987,Male,Tesla,Model S,2017,1
911,511-3468-2327,Tersina,Grigolli,2C3CDYCJ5EH975377,Female,Tesla,Model Y,2023,4
912,637-1879-3738,Aili,Izkoveski,4JGBB9FB9BA338490,Female,Tesla,Model Y,2019,3
913,848-6081-5885,Milly,Keepence,19UUA9F52DA958855,Female,Tesla,Model S,2018,6
914,122-1057-7800,Cristi,Scones,3C63DRHL5CG856406,Female,Tesla,Model Y,2019,4
915,101-1339-5627,Dennison,Sigsworth,1C4RDJEG5DC933257,Male,Tesla,Model Y,2019,4
916,584-8780-3520,Saul,Oluwatoyin,19XFA1E38AE024958,Male,Tesla,Model S,2018,6
917,851-7855-3580,Eden,Paskins,SALWR2VF2FA594627,Female,Tesla,Model X,2017,6
918,640-4920-1625,Daron,Orys,5J8TB4H52EL415925,Male,Tesla,Model Y,2020,4
919,087-6046-0333,Antoine,D'Agostino,2G61T5S34D9318377,Male,Tesla,Model X,2015,1
920,011-0707-1598,Thibaud,Abbati,WA1WKAFP6CA636011,Male,Tesla,Model S,2016,3
921,227-6543-2395,Upton,Alldis,WAUDFAFCXFN387253,Male,Tesla,Model Y,2019,3
922,091-5551-1631,Paton,Hopfer,1B3CB1HA7AD275631,Male,Tesla,Model S,2020,10
923,649-4438-9620,Carlo,Boatwright,WBAPH7C54BE760376,Male,Tesla,Model Y,2021,4
924,217-9799-6984,Chad,Griffin,WAUJC68E25A511447,Female,Tesla,Model S,2020,4
925,838-4152-7307,Purcell,Camerello,KNALN4D73E5474044,Male,Tesla,Model S,2020,3
926,744-9003-3447,Humfrid,Wiffler,WBANV13538C396680,Male,Tesla,Model S,2021,5
927,402-3790-9250,Antonio,Garnall,JTHBL5EF7B5896781,Male,Tesla,Model 3,2015,5
928,484-3524-2210,Dori,Adlington,WBAKX6C57BC397493,Female,Tesla,Model X,2015,4
929,860-5569-4770,Rickey,Peinke,5GADX23L16D337052,Male,Tesla,Model 3,2023,6
930,582-4505-3137,Dionisio,Heel,JH4NA12605S392384,Male,Tesla,Model 3,2016,1
931,188-1322-1965,Cullan,Fotitt,2FMPK3K97FB039691,Male,Tesla,Model X,2018,6
932,029-4199-4928,Nichols,Pottie,2D4RN3DG9BR209444,Male,Tesla,Model X,2019,4
933,509-1970-2700,Raleigh,Corrie,2HNYD2H25AH492198,Polygender,Tesla,Model Y,2023,6
934,177-9151-8423,Meagan,O'Kinedy,19UUA66235A626087,Female,Tesla,Model S,2016,0
935,362-3377-7714,Seward,Mongin,1D7RB1CP9BS039781,Male,Tesla,Model Y,2023,4
936,902-9946-2708,Kelsi,Jeremaes,JN1CV6EK4DM206001,Female,Tesla,Model X,2017,3
937,440-9391-1893,Ogdon,Rainbird,WBAEU334X2P772331,Male,Tesla,Model Y,2021,3
938,983-4389-9174,Bar,Alekhov,JH4CL96814C472104,Male,Tesla,Model S,2021,5
939,135-8899-8669,Nicola,Atthowe,JN1CV6EK8BM710497,Female,Tesla,Model X,2017,4
940,074-9365-2498,Rafaelia,Callister,1G6DK8E36D0613973,Genderqueer,Tesla,Model X,2019,3
941,179-1443-8821,Bartholomeus,Swalough,JH4CU4F4XAC637995,Male,Tesla,Model X,2020,5
942,199-1846-0619,Ameline,Tanslie,1FAHP3EN9BW626964,Agender,Tesla,Model S,2023,3
943,481-9745-9387,Aurore,Collecott,1FMJK1G53EE927325,Female,Tesla,Model S,2017,4
944,934-8476-0751,Jaquelin,Livesley,WBABS53401E001102,Female,Tesla,Model S,2016,3
945,957-5180-6527,Shermie,Cordon,5J6TF1H54EL774530,Male,Tesla,Model S,2015,7
946,587-0609-9381,Isac,Blowers,5N1AR2MM8DC468643,Male,Tesla,Model Y,2020,4
947,038-5248-5974,Gwenore,Hilland,1GKUCHE07AR459284,Female,Tesla,Model 3,2017,2
948,700-6799-9566,Kimball,Paddingdon,JH4DB75661S406774,Male,Tesla,Model X,2015,4
949,921-6150-7738,Nerti,Mapowder,5TDBK3EH5CS018448,Female,Tesla,Model S,2018,3
950,450-3249-8041,Jillana,Disdel,5N1AN0NW3FN242288,Female,Tesla,Model X,2019,3
951,632-3126-7001,Merill,O'Kynsillaghe,SCBBP9ZA1CC129262,Bigender,Tesla,Model Y,2023,3
952,816-0019-2634,Nathalie,Ebi,KMHTC6AD7DU702187,Bigender,Tesla,Model Y,2020,5
953,149-1567-2394,Hershel,Labro,JN8AE2KP8B9911482,Male,Tesla,Model 3,2017,4
954,821-5162-9794,Jermaine,Lagneaux,1GYS3SKJ5FR805377,Male,Tesla,Model Y,2019,5
955,977-9518-7341,Miller,Winterton,4USDU53517L942877,Male,Tesla,Model S,2022,6
956,017-6911-0246,Gallard,Wigfield,SALGS2EF6EA717269,Male,Tesla,Model X,2023,3
957,055-3407-5779,Alfred,Morgue,1FTWX3A57AE892458,Male,Tesla,Model 3,2022,3
958,205-1189-5681,Florette,De Ambrosis,WBA3C1C56FP179546,Polygender,Tesla,Model S,2016,5
959,858-8409-3175,Isador,Casazza,3C6JD6BPXCG176213,Male,Tesla,Model Y,2020,3
960,050-0226-2350,Tull,Mackilpatrick,2T1BU4EE4BC323078,Male,Tesla,Model Y,2016,4
961,487-7779-2151,Toiboid,Weekland,WAUKD98P16A226423,Genderfluid,Tesla,Model X,2017,2
962,703-1405-9381,Aloysius,Phillcox,YV426MDB5F2654416,Male,Tesla,Model X,2020,3
963,467-5664-8624,Jedd,Onele,WBA3B9C51DF655268,Male,Tesla,Model 3,2019,1
964,689-6247-9667,Cherri,Riolfi,SCBGT3ZA1DC961426,Female,Tesla,Model 3,2022,3
965,400-1035-3244,Dwayne,Vokins,WBA3T1C55FP982994,Male,Tesla,Model X,2019,3
966,532-9697-9390,Abelard,Prozescky,1D4PT4GK4BW236402,Male,Tesla,Model X,2017,6
967,849-9455-6572,Teddi,Gravells,19UUB2F73FA983756,Female,Tesla,Model 3,2015,3
968,132-2043-4316,Ardine,Quantrell,5GAKRCKD3DJ580619,Female,Tesla,Model S,2017,1
969,932-5300-3555,Sander,Gayle,WAUJC58E22A167902,Agender,Tesla,Model Y,2019,4
970,641-3981-8949,Laurie,Hullett,1G4GG5E38CF945088,Female,Tesla,Model S,2020,5
971,948-1378-6353,Yvette,Belshaw,3C63DRJL9CG731466,Female,Tesla,Model Y,2016,4
972,773-0772-1254,Sile,Tothacot,WBABS334X1J656976,Female,Tesla,Model Y,2022,4
973,252-5489-9285,Olympe,Michal,1FTSW2A5XAE627335,Female,Tesla,Model X,2023,4
974,030-1611-6052,Ceil,McCaffrey,1G6DP57V390253891,Female,Tesla,Model S,2023,3
975,430-8819-8064,Nelia,Rainbird,SCFBB04B87G245372,Female,Tesla,Model 3,2015,6
976,780-3580-0239,Bobby,Fortnon,WAUJT64B02N696999,Male,Tesla,Model 3,2018,2
977,853-4186-6067,Jessalyn,Learoid,KMHCT4AE6CU303251,Female,Tesla,Model 3,2018,3
978,169-5851-9862,Prentiss,Rodda,4A31K5DFXCE910561,Male,Tesla,Model S,2021,6
979,634-0531-2897,Erda,Keuneke,WAUVT58E72A059745,Female,Tesla,Model X,2019,4
980,104-8200-0672,Raynell,Leakner,WBA5B1C50FG583003,Female,Tesla,Model X,2015,3
981,210-9366-4970,Sancho,McLaverty,WP0AA2A93DS916613,Male,Tesla,Model Y,2015,5
982,380-9099-4633,Angele,Lapthorn,WDDHF0EB9EA970013,Female,Tesla,Model Y,2017,8
983,505-5428-4362,Amalita,Bruckman,JM1DE1HY4B0383785,Female,Tesla,Model X,2021,2
984,799-1006-1447,Shannon,Sibbet,1N6AD0CW0EN042085,Female,Tesla,Model 3,2019,5
985,123-8270-8073,Valdemar,Hiers,1N4AB7AP2DN026004,Male,Tesla,Model 3,2021,3
986,618-5824-7150,Honor,Tewelson,WAUDFAFL4FN353244,Female,Tesla,Model 3,2023,7
987,192-1368-0280,Filbert,McCole,WAUBF78EX8A511654,Male,Tesla,Model S,2023,6
988,921-0696-3349,Skip,Boeck,JN1AZ4EH7AM278245,Male,Tesla,Model S,2017,4
989,060-2190-8763,Donavon,Crotch,1N6AA0ED6FN314029,Male,Tesla,Model X,2018,5
990,063-9579-5632,Barbie,Chevin,1FTEW1C8XAK129782,Female,Tesla,Model Y,2015,5
991,360-8805-8184,Violette,Hachard,19UUA56752A240739,Female,Tesla,Model X,2021,6
992,752-1705-5403,Angus,Joslow,3VW467ATXDM436162,Male,Tesla,Model X,2016,4
993,066-7635-7910,Ricki,Musslewhite,WBAYA6C56FD528778,Male,Tesla,Model X,2017,6
994,486-2290-3759,Kelley,Tomaszek,5N1AA0NE3FN832753,Male,Tesla,Model X,2018,5
995,831-2373-3833,Corny,Pimlott,1G6DL1ED9B0692856,Male,Tesla,Model Y,2021,5
996,624-6269-9431,Henka,Scallan,1G6DP577050731695,Female,Tesla,Model Y,2019,3
997,195-4317-8622,Fabe,Capron,WVGAV3AX2DW100957,Male,Tesla,Model Y,2023,5
998,189-9351-6492,Mathew,Dunican,JTHFF2C21E2940268,Genderqueer,Tesla,Model S,2020,3
999,566-2031-5885,Fernanda,Dearnley,JTDKTUD3XED843683,Female,Tesla,Model S,2021,5
1000,227-9913-3255,Cullie,Karpfen,1G6DJ8E39C0028208,Male,Tesla,Model 3,2019,0
